TCGplayer Id,Product Line,Set Name,Product Name,Title,Number,Rarity,Condition,TCG Market Price,TCG Direct Low,TCG Low Price With Shipping,TCG Low Price,Total Quantity,Add to Quantity,TCG Marketplace Price
7140037,Magic,March of the Machine: The Aftermath,Animist's Might,,20,U,Near Mint,0.05,0.05,1.23,0.01,25,0,0.18
7140042,Magic,March of the Machine: The Aftermath,Animist's Might,,20,U,Near Mint Foil,0.04,0.03,1.24,0.02,10,0,0.18
7148136,Magic,March of the Machine: The Aftermath,Animist's Might (Foil Etched),,120,U,Near Mint Foil,0.12,0.09,1.3,0.08,7,0,0.18
7146816,Magic,March of the Machine: The Aftermath,Animist's Might (Retro Frame),,70,U,Near Mint,0.09,0.05,1.23,0.01,8,0,0.18
7146821,Magic,March of the Machine: The Aftermath,Animist's Might (Retro Frame),,70,U,Near Mint Foil,0.08,0.05,1.27,0.05,11,0,0.18
7141477,Magic,March of the Machine: The Aftermath,Arni Metalbrow,,16,R,Near Mint,0.12,0.11,1.33,0.11,7,0,0.18
7141482,Magic,March of the Machine: The Aftermath,Arni Metalbrow,,16,R,Near Mint Foil,0.2,,1.35,0.13,4,0,0.18
7146741,Magic,March of the Machine: The Aftermath,Arni Metalbrow (Extended Art),,159,R,Near Mint,0.16,0.1,1.32,0.1,2,0,0.18
7148386,Magic,March of the Machine: The Aftermath,Arni Metalbrow (Foil Etched),,116,R,Near Mint Foil,0.11,0.04,1.27,0.05,3,0,0.18
7145546,Magic,March of the Machine: The Aftermath,Arni Metalbrow (Halo Foil),,200,R,Near Mint Foil,1.03,1.02,1.97,0.75,2,0,1.01
7144756,Magic,March of the Machine: The Aftermath,Arni Metalbrow (Showcase),,66,R,Near Mint Foil,0.22,0.19,1.37,0.15,7,0,0.19
7142612,Magic,March of the Machine: The Aftermath,Ayara's Oathsworn,,11,R,Near Mint,0.34,0.36,1.46,0.24,5,0,0.36
7142617,Magic,March of the Machine: The Aftermath,Ayara's Oathsworn,,11,R,Near Mint Foil,0.35,0.35,1.46,0.24,3,0,0.35
7146021,Magic,March of the Machine: The Aftermath,Ayara's Oathsworn (Extended Art),,157,R,Near Mint,0.49,0.48,1.47,0.25,1,0,0.48
7146026,Magic,March of the Machine: The Aftermath,Ayara's Oathsworn (Extended Art),,157,R,Near Mint Foil,0.58,0.54,1.59,0.37,1,0,0.53
7143736,Magic,March of the Machine: The Aftermath,Ayara's Oathsworn (Foil Etched),,111,R,Near Mint Foil,0.23,0.23,1.4,0.15,2,0,0.23
7147946,Magic,March of the Machine: The Aftermath,Ayara's Oathsworn (Showcase),,61,R,Near Mint,0.65,,1.62,0.4,1,0,0.4
7141237,Magic,March of the Machine: The Aftermath,Blot Out,,12,U,Near Mint,0.14,0.05,1.24,0.02,25,0,0.18
7141242,Magic,March of the Machine: The Aftermath,Blot Out,,12,U,Near Mint Foil,0.06,0.05,1.24,0.02,12,0,0.18
7143391,Magic,March of the Machine: The Aftermath,Blot Out (Foil Etched),,112,U,Near Mint Foil,0.14,,1.27,0.05,7,0,0.18
7146341,Magic,March of the Machine: The Aftermath,Blot Out (Halo Foil),,196,U,Near Mint Foil,1.02,,1.95,0.73,3,0,0.72
7144341,Magic,March of the Machine: The Aftermath,Blot Out (Showcase),,62,U,Near Mint,0.11,0.06,1.23,0.01,9,0,0.18
7144346,Magic,March of the Machine: The Aftermath,Blot Out (Showcase),,62,U,Near Mint Foil,0.11,,1.23,0.01,12,0,0.18
7139212,Magic,March of the Machine: The Aftermath,"Calix, Guided by Fate",,26,M,Near Mint,10.61,10.75,9.99,9,3,0,10.74
7139217,Magic,March of the Machine: The Aftermath,"Calix, Guided by Fate",,26,M,Near Mint Foil,10,10.77,10.5,9.51,1,0,10.76
7143761,Magic,March of the Machine: The Aftermath,"Calix, Guided by Fate (Extended Art)",,165,M,Near Mint Foil,14.26,14.15,13.49,12.5,1,0,14.14
7147551,Magic,March of the Machine: The Aftermath,"Calix, Guided by Fate (Foil Etched)",,126,M,Near Mint Foil,10.77,9.42,9.35,8.14,2,0,9.41
7145406,Magic,March of the Machine: The Aftermath,"Calix, Guided by Fate (Showcase)",,76,M,Near Mint,14.57,14.87,14.55,13.33,2,0,14.86
7140757,Magic,March of the Machine: The Aftermath,Campus Renovation,,27,U,Near Mint,0.03,0.01,1.23,0.01,26,0,0.18
7140762,Magic,March of the Machine: The Aftermath,Campus Renovation,,27,U,Near Mint Foil,0.04,0.01,1.23,0.01,9,0,0.18
7145991,Magic,March of the Machine: The Aftermath,Campus Renovation (Foil Etched),,127,U,Near Mint Foil,0.1,,1.27,0.05,8,0,0.18
7145221,Magic,March of the Machine: The Aftermath,Campus Renovation (Halo Foil),,207,U,Near Mint Foil,0.29,0.23,1.45,0.23,1,0,0.23
7148056,Magic,March of the Machine: The Aftermath,Campus Renovation (Showcase),,77,U,Near Mint,0.09,,1.26,0.04,10,0,0.18
7148061,Magic,March of the Machine: The Aftermath,Campus Renovation (Showcase),,77,U,Near Mint Foil,0.06,,1.25,0.03,6,0,0.18
7142277,Magic,March of the Machine: The Aftermath,Coppercoat Vanguard,,1,U,Near Mint,0.23,0.22,1.41,0.19,26,0,0.22
7142282,Magic,March of the Machine: The Aftermath,Coppercoat Vanguard,,1,U,Near Mint Foil,0.3,0.25,1.42,0.2,12,0,0.25
7147536,Magic,March of the Machine: The Aftermath,Coppercoat Vanguard (Foil Etched),,101,U,Near Mint Foil,0.43,0.2,1.42,0.2,9,0,0.2
7147646,Magic,March of the Machine: The Aftermath,Coppercoat Vanguard (Halo Foil),,186,U,Near Mint Foil,2.54,2.52,2.58,1.36,3,0,2.51
7148741,Magic,March of the Machine: The Aftermath,Coppercoat Vanguard (Showcase),,51,U,Near Mint,0.22,0.22,1.4,0.18,9,0,0.22
7148746,Magic,March of the Machine: The Aftermath,Coppercoat Vanguard (Showcase),,51,U,Near Mint Foil,0.23,0.19,1.37,0.15,7,0,0.19
7141557,Magic,March of the Machine: The Aftermath,Cosmic Rebirth,,28,U,Near Mint,0.12,0.1,1.32,0.1,25,0,0.18
7141562,Magic,March of the Machine: The Aftermath,Cosmic Rebirth,,28,U,Near Mint Foil,0.15,0.1,1.32,0.1,13,0,0.18
7143811,Magic,March of the Machine: The Aftermath,Cosmic Rebirth (Foil Etched),,128,U,Near Mint Foil,0.24,,1.37,0.15,11,0,0.18
7144021,Magic,March of the Machine: The Aftermath,Cosmic Rebirth (Halo Foil),,208,U,Near Mint Foil,2.73,2.99,3.11,1.89,1,0,2.98
7147316,Magic,March of the Machine: The Aftermath,Cosmic Rebirth (Showcase),,78,U,Near Mint,0.14,0.11,1.32,0.1,8,0,0.18
7147321,Magic,March of the Machine: The Aftermath,Cosmic Rebirth (Showcase),,78,U,Near Mint Foil,0.18,0.12,1.27,0.05,7,0,0.18
7142952,Magic,March of the Machine: The Aftermath,"Danitha, New Benalia's Light",,29,R,Near Mint,0.97,1.02,1.57,0.35,5,0,1.01
7142957,Magic,March of the Machine: The Aftermath,"Danitha, New Benalia's Light",,29,R,Near Mint Foil,1,1.08,1.97,0.75,4,0,1.07
7148026,Magic,March of the Machine: The Aftermath,"Danitha, New Benalia's Light (Extended Art)",,166,R,Near Mint,2.13,3.35,2.44,1.22,2,0,3.34
7148031,Magic,March of the Machine: The Aftermath,"Danitha, New Benalia's Light (Extended Art)",,166,R,Near Mint Foil,2.09,2.89,2.56,1.34,3,0,2.88
7144046,Magic,March of the Machine: The Aftermath,"Danitha, New Benalia's Light (Foil Etched)",,129,R,Near Mint Foil,0.45,0.35,1.47,0.22,1,0,0.35
7148541,Magic,March of the Machine: The Aftermath,"Danitha, New Benalia's Light (Halo Foil)",,209,R,Near Mint Foil,3.61,6.15,3.12,1.9,1,0,6.14
7143406,Magic,March of the Machine: The Aftermath,"Danitha, New Benalia's Light (Showcase)",,79,R,Near Mint,0.46,0.5,1.47,0.25,1,0,0.5
7143411,Magic,March of the Machine: The Aftermath,"Danitha, New Benalia's Light (Showcase)",,79,R,Near Mint Foil,0.31,0.38,1.47,0.25,2,0,0.38
7141317,Magic,March of the Machine: The Aftermath,Death-Rattle Oni,,13,U,Near Mint,0.02,0.01,1.23,0.01,25,0,0.18
7141322,Magic,March of the Machine: The Aftermath,Death-Rattle Oni,,13,U,Near Mint Foil,0.01,,1.23,0.01,10,0,0.18
7146966,Magic,March of the Machine: The Aftermath,Death-Rattle Oni (Foil Etched),,113,U,Near Mint Foil,0.12,,1.27,0.05,6,0,0.18
7146481,Magic,March of the Machine: The Aftermath,Death-Rattle Oni (Halo Foil),,197,U,Near Mint Foil,0.25,,1.41,0.19,1,0,0.19
7144481,Magic,March of the Machine: The Aftermath,Death-Rattle Oni (Showcase),,63,U,Near Mint,0.02,0.01,1.23,0.01,9,0,0.18
7144486,Magic,March of the Machine: The Aftermath,Death-Rattle Oni (Showcase),,63,U,Near Mint Foil,0.11,,1.26,0.04,9,0,0.18
7140517,Magic,March of the Machine: The Aftermath,Deification,,2,R,Near Mint,0.12,0.1,1.32,0.1,7,0,0.18
7140522,Magic,March of the Machine: The Aftermath,Deification,,2,R,Near Mint Foil,0.15,0.09,1.31,0.09,4,0,0.18
7148836,Magic,March of the Machine: The Aftermath,Deification (Extended Art),,151,R,Near Mint,0.19,0.13,1.35,0.13,2,0,0.18
7144066,Magic,March of the Machine: The Aftermath,Deification (Foil Etched),,102,R,Near Mint Foil,0.16,,1.33,0.11,3,0,0.18
7144836,Magic,March of the Machine: The Aftermath,Deification (Showcase),,52,R,Near Mint Foil,0.27,0.25,1.43,0.14,1,0,0.25
7142442,Magic,March of the Machine: The Aftermath,Drannith Ruins,,50,R,Near Mint,0.37,0.31,1.47,0.25,8,0,0.31
7142447,Magic,March of the Machine: The Aftermath,Drannith Ruins,,50,R,Near Mint Foil,0.38,0.34,1.5,0.28,5,0,0.34
7146231,Magic,March of the Machine: The Aftermath,Drannith Ruins (Extended Art),,185,R,Near Mint,0.48,0.41,1.62,0.4,2,0,0.41
7146236,Magic,March of the Machine: The Aftermath,Drannith Ruins (Extended Art),,185,R,Near Mint Foil,0.38,0.3,1.52,0.3,2,0,0.3
7148726,Magic,March of the Machine: The Aftermath,Drannith Ruins (Foil Etched),,150,R,Near Mint Foil,0.27,,1.47,0.25,7,0,0.25
7146726,Magic,March of the Machine: The Aftermath,Drannith Ruins (Halo Foil),,228,R,Near Mint Foil,2.49,2.86,3.05,1.83,1,0,2.85
7145036,Magic,March of the Machine: The Aftermath,Drannith Ruins (Showcase),,100,R,Near Mint,0.76,0.75,1.68,0.46,2,0,0.74
7145041,Magic,March of the Machine: The Aftermath,Drannith Ruins (Showcase),,100,R,Near Mint Foil,0.59,0.59,1.72,0.5,2,0,0.58
7141637,Magic,March of the Machine: The Aftermath,Feast of the Victorious Dead,,30,U,Near Mint,0.08,0.07,1.29,0.07,25,0,0.18
7141642,Magic,March of the Machine: The Aftermath,Feast of the Victorious Dead,,30,U,Near Mint Foil,0.22,,1.32,0.1,10,0,0.18
7148881,Magic,March of the Machine: The Aftermath,Feast of the Victorious Dead (Foil Etched),,130,U,Near Mint Foil,0.18,0.1,1.32,0.1,6,0,0.18
7146201,Magic,March of the Machine: The Aftermath,Feast of the Victorious Dead (Halo Foil),,210,U,Near Mint Foil,0.85,0.79,1.96,0.74,2,0,0.78
7147836,Magic,March of the Machine: The Aftermath,Feast of the Victorious Dead (Showcase),,80,U,Near Mint,0.08,0.06,1.3,0.08,9,0,0.18
7147841,Magic,March of the Machine: The Aftermath,Feast of the Victorious Dead (Showcase),,80,U,Near Mint Foil,0.1,,1.3,0.08,9,0,0.18
7141877,Magic,March of the Machine: The Aftermath,Filter Out,,7,U,Near Mint,0.13,0.1,1.32,0.1,26,0,0.18
7141882,Magic,March of the Machine: The Aftermath,Filter Out,,7,U,Near Mint Foil,0.3,0.18,1.37,0.15,11,0,0.18
7145801,Magic,March of the Machine: The Aftermath,Filter Out (Foil Etched),,107,U,Near Mint Foil,0.21,,1.4,0.18,7,0,0.18
7147661,Magic,March of the Machine: The Aftermath,Filter Out (Showcase),,57,U,Near Mint,0.14,,1.32,0.1,10,0,0.18
7147666,Magic,March of the Machine: The Aftermath,Filter Out (Showcase),,57,U,Near Mint Foil,0.21,,1.37,0.15,11,0,0.18
7142037,Magic,March of the Machine: The Aftermath,Gold-Forged Thopteryx,,31,U,Near Mint,0.16,0.11,1.32,0.1,25,0,0.18
7142042,Magic,March of the Machine: The Aftermath,Gold-Forged Thopteryx,,31,U,Near Mint Foil,0.17,0.13,1.34,0.12,9,0,0.18
7148896,Magic,March of the Machine: The Aftermath,Gold-Forged Thopteryx (Foil Etched),,131,U,Near Mint Foil,0.23,0.23,1.42,0.17,5,0,0.23
7148601,Magic,March of the Machine: The Aftermath,Gold-Forged Thopteryx (Halo Foil),,211,U,Near Mint Foil,1.52,1.69,1.97,0.75,2,0,1.68
7147221,Magic,March of the Machine: The Aftermath,Gold-Forged Thopteryx (Showcase),,81,U,Near Mint,0.09,0.09,1.3,0.08,8,0,0.18
7147226,Magic,March of the Machine: The Aftermath,Gold-Forged Thopteryx (Showcase),,81,U,Near Mint Foil,0.11,,1.26,0.04,7,0,0.18
7141797,Magic,March of the Machine: The Aftermath,Harnessed Snubhorn,,3,U,Near Mint,0.03,,1.23,0.01,26,0,0.18
7141802,Magic,March of the Machine: The Aftermath,Harnessed Snubhorn,,3,U,Near Mint Foil,0.03,0.02,1.23,0.01,10,0,0.18
7144576,Magic,March of the Machine: The Aftermath,Harnessed Snubhorn (Foil Etched),,103,U,Near Mint Foil,0.17,,1.29,0.07,6,0,0.18
7148616,Magic,March of the Machine: The Aftermath,Harnessed Snubhorn (Halo Foil),,188,U,Near Mint Foil,0.24,0.24,1.46,0.24,1,0,0.24
7143591,Magic,March of the Machine: The Aftermath,Harnessed Snubhorn (Showcase),,53,U,Near Mint,0.08,0.01,1.23,0.01,8,0,0.18
7143596,Magic,March of the Machine: The Aftermath,Harnessed Snubhorn (Showcase),,53,U,Near Mint Foil,0.08,0.03,1.23,0.01,8,0,0.18
7142357,Magic,March of the Machine: The Aftermath,"Jirina, Dauntless General",,32,R,Near Mint,0.45,0.45,1.57,0.35,5,0,0.45
7142362,Magic,March of the Machine: The Aftermath,"Jirina, Dauntless General",,32,R,Near Mint Foil,0.48,,1.57,0.35,9,0,0.35
7147411,Magic,March of the Machine: The Aftermath,"Jirina, Dauntless General (Extended Art)",,167,R,Near Mint,0.59,0.68,1.57,0.35,3,0,0.67
7147416,Magic,March of the Machine: The Aftermath,"Jirina, Dauntless General (Extended Art)",,167,R,Near Mint Foil,0.76,0.81,1.62,0.4,1,0,0.8
7147521,Magic,March of the Machine: The Aftermath,"Jirina, Dauntless General (Foil Etched)",,132,R,Near Mint Foil,0.23,0.23,1.31,0.09,3,0,0.23
7145641,Magic,March of the Machine: The Aftermath,"Jirina, Dauntless General (Showcase)",,82,R,Near Mint,0.9,0.67,1.67,0.45,2,0,0.66
7145646,Magic,March of the Machine: The Aftermath,"Jirina, Dauntless General (Showcase)",,82,R,Near Mint Foil,0.45,0.5,1.65,0.43,6,0,0.5
7138802,Magic,March of the Machine: The Aftermath,"Jolrael, Voice of Zhalfir",,33,R,Near Mint,0.13,0.1,1.29,0.07,5,0,0.18
7138807,Magic,March of the Machine: The Aftermath,"Jolrael, Voice of Zhalfir",,33,R,Near Mint Foil,0.14,,1.32,0.1,5,0,0.18
7138677,Magic,March of the Machine: The Aftermath,"Jolrael, Voice of Zhalfir (Extended Art)",,168,R,Near Mint,0.17,0.15,1.38,0.16,2,0,0.18
7138682,Magic,March of the Machine: The Aftermath,"Jolrael, Voice of Zhalfir (Extended Art)",,168,R,Near Mint Foil,0.22,,1.38,0.16,1,0,0.18
7138707,Magic,March of the Machine: The Aftermath,"Jolrael, Voice of Zhalfir (Foil Etched)",,133,R,Near Mint Foil,0.24,0.14,1.36,0.14,3,0,0.18
7138727,Magic,March of the Machine: The Aftermath,"Jolrael, Voice of Zhalfir (Retro Frame)",,83,R,Near Mint Foil,0.18,,1.32,0.1,4,0,0.18
7139957,Magic,March of the Machine: The Aftermath,"Karn, Legacy Reforged",,49,M,Near Mint,10.16,10.35,9.49,8.5,3,0,10.34
7139962,Magic,March of the Machine: The Aftermath,"Karn, Legacy Reforged",,49,M,Near Mint Foil,9.96,10.6,9.85,9.85,1,0,10.59
7145361,Magic,March of the Machine: The Aftermath,"Karn, Legacy Reforged (Extended Art)",,184,M,Near Mint,10.74,10.61,9.98,9.98,2,0,10.6
7145266,Magic,March of the Machine: The Aftermath,"Karn, Legacy Reforged (Foil Etched)",,149,M,Near Mint Foil,9.61,10.32,8.5,8.5,2,0,10.31
7143077,Magic,March of the Machine: The Aftermath,"Karn, Legacy Reforged (Retro Frame)",,99,M,Near Mint,11.69,12.76,11.35,10.36,1,0,12.75
7143082,Magic,March of the Machine: The Aftermath,"Karn, Legacy Reforged (Retro Frame)",,99,M,Near Mint Foil,11.64,12.7,11.25,11.25,1,0,12.69
7139292,Magic,March of the Machine: The Aftermath,"Kiora, Sovereign of the Deep",,35,M,Near Mint,0.92,0.93,1.9,0.68,3,0,0.92
7139297,Magic,March of the Machine: The Aftermath,"Kiora, Sovereign of the Deep",,35,M,Near Mint Foil,0.89,0.88,1.97,0.75,3,0,0.87
7145196,Magic,March of the Machine: The Aftermath,"Kiora, Sovereign of the Deep (Extended Art)",,170,M,Near Mint Foil,2.69,2.02,3.02,1.8,1,0,2.01
7146186,Magic,March of the Machine: The Aftermath,"Kiora, Sovereign of the Deep (Foil Etched)",,135,M,Near Mint Foil,0.7,0.75,1.72,0.5,1,0,0.74
7145391,Magic,March of the Machine: The Aftermath,"Kiora, Sovereign of the Deep (Halo Foil)",,214,M,Near Mint Foil,11.76,11.64,10.99,10.99,1,0,11.63
7147126,Magic,March of the Machine: The Aftermath,"Kiora, Sovereign of the Deep (Showcase)",,85,M,Near Mint,2.7,2.25,3.4,2.18,1,0,2.24
7147131,Magic,March of the Machine: The Aftermath,"Kiora, Sovereign of the Deep (Showcase)",,85,M,Near Mint Foil,3.23,2.93,3.07,1.85,2,0,2.92
7140597,Magic,March of the Machine: The Aftermath,Kolaghan Warmonger,,17,U,Near Mint,0.07,0.01,1.23,0.01,26,0,0.18
7140602,Magic,March of the Machine: The Aftermath,Kolaghan Warmonger,,17,U,Near Mint Foil,0.06,0.03,1.23,0.01,11,0,0.18
7145176,Magic,March of the Machine: The Aftermath,Kolaghan Warmonger (Foil Etched),,117,U,Near Mint Foil,0.09,,1.26,0.04,3,0,0.18
7148631,Magic,March of the Machine: The Aftermath,Kolaghan Warmonger (Halo Foil),,201,U,Near Mint Foil,0.25,,1.43,0.21,2,0,0.21
7148401,Magic,March of the Machine: The Aftermath,Kolaghan Warmonger (Showcase),,67,U,Near Mint,0.03,0.01,1.23,0.01,8,0,0.18
7148406,Magic,March of the Machine: The Aftermath,Kolaghan Warmonger (Showcase),,67,U,Near Mint Foil,0.06,,1.23,0.01,11,0,0.18
7140197,Magic,March of the Machine: The Aftermath,Leyline Immersion,,21,R,Near Mint,0.42,0.39,1.47,0.25,8,0,0.39
7140202,Magic,March of the Machine: The Aftermath,Leyline Immersion,,21,R,Near Mint Foil,0.44,0.47,1.48,0.26,3,0,0.47
7148571,Magic,March of the Machine: The Aftermath,Leyline Immersion (Extended Art),,161,R,Near Mint,0.66,0.88,1.37,0.15,5,0,0.87
7148576,Magic,March of the Machine: The Aftermath,Leyline Immersion (Extended Art),,161,R,Near Mint Foil,0.82,0.74,1.92,0.7,1,0,0.73
7148246,Magic,March of the Machine: The Aftermath,Leyline Immersion (Foil Etched),,121,R,Near Mint Foil,0.44,0.41,1.51,0.29,4,0,0.41
7145286,Magic,March of the Machine: The Aftermath,Leyline Immersion (Retro Frame),,71,R,Near Mint Foil,0.38,0.4,1.47,0.25,4,0,0.4
7142117,Magic,March of the Machine: The Aftermath,Markov Baron,,14,U,Near Mint,0.14,0.14,1.35,0.13,26,0,0.18
7142122,Magic,March of the Machine: The Aftermath,Markov Baron,,14,U,Near Mint Foil,0.17,0.15,1.37,0.15,11,0,0.18
7147081,Magic,March of the Machine: The Aftermath,Markov Baron (Foil Etched),,114,U,Near Mint Foil,0.18,,1.37,0.15,12,0,0.18
7149161,Magic,March of the Machine: The Aftermath,Markov Baron (Showcase),,64,U,Near Mint,0.1,0.09,1.3,0.08,8,0,0.18
7149166,Magic,March of the Machine: The Aftermath,Markov Baron (Showcase),,64,U,Near Mint Foil,0.22,0.1,1.31,0.09,6,0,0.18
7140997,Magic,March of the Machine: The Aftermath,Metropolis Reformer,,4,R,Near Mint,0.75,0.82,1.7,0.48,5,0,0.81
7141002,Magic,March of the Machine: The Aftermath,Metropolis Reformer,,4,R,Near Mint Foil,0.87,0.93,1.86,0.64,5,0,0.92
7145131,Magic,March of the Machine: The Aftermath,Metropolis Reformer (Extended Art),,152,R,Near Mint,1.07,0.47,1.69,0.47,3,0,0.47
7145136,Magic,March of the Machine: The Aftermath,Metropolis Reformer (Extended Art),,152,R,Near Mint Foil,1.56,1.67,2.48,1.26,2,0,1.66
7146701,Magic,March of the Machine: The Aftermath,Metropolis Reformer (Foil Etched),,104,R,Near Mint Foil,0.69,0.75,1.71,0.49,2,0,0.74
7145976,Magic,March of the Machine: The Aftermath,Metropolis Reformer (Halo Foil),,189,R,Near Mint Foil,3.85,4.02,4.22,3,1,0,4.01
7143496,Magic,March of the Machine: The Aftermath,Metropolis Reformer (Showcase),,54,R,Near Mint,0.79,0.65,1.265,0.045,3,0,0.64
7143501,Magic,March of the Machine: The Aftermath,Metropolis Reformer (Showcase),,54,R,Near Mint Foil,0.54,0.5,1.67,0.45,2,0,0.5
7139877,Magic,March of the Machine: The Aftermath,"Nahiri, Forged in Fury",,36,M,Near Mint,2.09,2.08,2.72,1.5,3,0,2.07
7139882,Magic,March of the Machine: The Aftermath,"Nahiri, Forged in Fury",,36,M,Near Mint Foil,2.07,2.26,2.7,1.48,3,0,2.25
7145516,Magic,March of the Machine: The Aftermath,"Nahiri, Forged in Fury (Extended Art)",,171,M,Near Mint,3.04,2.91,3.36,2.14,3,0,2.9
7145521,Magic,March of the Machine: The Aftermath,"Nahiri, Forged in Fury (Extended Art)",,171,M,Near Mint Foil,4.58,4.49,4.92,3.7,1,0,4.48
7148526,Magic,March of the Machine: The Aftermath,"Nahiri, Forged in Fury (Foil Etched)",,136,M,Near Mint Foil,1.69,1.88,2.34,1.12,2,0,1.87
7140437,Magic,March of the Machine: The Aftermath,Nahiri's Resolve,,37,R,Near Mint,0.28,0.27,1.42,0.2,8,0,0.27
7140442,Magic,March of the Machine: The Aftermath,Nahiri's Resolve,,37,R,Near Mint Foil,0.29,0.26,1.44,0.22,1,0,0.26
7144451,Magic,March of the Machine: The Aftermath,Nahiri's Resolve (Extended Art),,172,R,Near Mint,0.34,0.33,1.47,0.25,2,0,0.33
7144456,Magic,March of the Machine: The Aftermath,Nahiri's Resolve (Extended Art),,172,R,Near Mint Foil,0.53,,1.69,0.4,1,0,0.47
7146006,Magic,March of the Machine: The Aftermath,Nahiri's Resolve (Foil Etched),,137,R,Near Mint Foil,0.26,0.23,1.37,0.15,5,0,0.23
7143221,Magic,March of the Machine: The Aftermath,Nahiri's Resolve (Halo Foil),,216,R,Near Mint Foil,3.34,6.12,,,2,0,6.11
7145726,Magic,March of the Machine: The Aftermath,Nahiri's Resolve (Showcase),,87,R,Near Mint Foil,0.36,0.38,1.54,0.32,3,0,0.38
7139382,Magic,March of the Machine: The Aftermath,"Narset, Enlightened Exile",,38,M,Near Mint,2.85,3.14,3.02,1.53,3,0,3.13
7139387,Magic,March of the Machine: The Aftermath,"Narset, Enlightened Exile",,38,M,Near Mint Foil,2.92,3.23,3.72,2.5,4,0,3.22
7149131,Magic,March of the Machine: The Aftermath,"Narset, Enlightened Exile (Extended Art)",,173,M,Near Mint,6.99,6.27,6.16,5.17,1,0,6.26
7149136,Magic,March of the Machine: The Aftermath,"Narset, Enlightened Exile (Extended Art)",,173,M,Near Mint Foil,11.38,15,12,10.78,1,0,14.99
7145816,Magic,March of the Machine: The Aftermath,"Narset, Enlightened Exile (Showcase)",,88,M,Near Mint,2.76,2.99,3.22,2,2,0,2.98
7141397,Magic,March of the Machine: The Aftermath,"Nashi, Moon's Legacy",,39,R,Near Mint,0.09,0.1,1.27,0.05,4,0,0.18
7141402,Magic,March of the Machine: The Aftermath,"Nashi, Moon's Legacy",,39,R,Near Mint Foil,0.15,,1.29,0.07,7,0,0.18
7146896,Magic,March of the Machine: The Aftermath,"Nashi, Moon's Legacy (Extended Art)",,174,R,Near Mint,0.15,0.1,1.32,0.1,2,0,0.18
7146901,Magic,March of the Machine: The Aftermath,"Nashi, Moon's Legacy (Extended Art)",,174,R,Near Mint Foil,0.23,0.15,,,1,0,0.18
7143376,Magic,March of the Machine: The Aftermath,"Nashi, Moon's Legacy (Foil Etched)",,139,R,Near Mint Foil,0.17,0.1,,,5,0,0.18
7148261,Magic,March of the Machine: The Aftermath,"Nashi, Moon's Legacy (Halo Foil)",,218,R,Near Mint Foil,2.85,2.99,4,2.78,2,0,2.98
7144106,Magic,March of the Machine: The Aftermath,"Nashi, Moon's Legacy (Showcase)",,89,R,Near Mint,0.66,0.58,1.69,0.47,1,0,0.57
7144111,Magic,March of the Machine: The Aftermath,"Nashi, Moon's Legacy (Showcase)",,89,R,Near Mint Foil,0.47,0.51,1.63,0.41,4,0,0.5
7139797,Magic,March of the Machine: The Aftermath,"Nissa, Resurgent Animist",,22,M,Near Mint,30.61,32.25,30.21,28.22,5,0,32.24
7139802,Magic,March of the Machine: The Aftermath,"Nissa, Resurgent Animist",,22,M,Near Mint Foil,29.91,32.67,28.99,28,4,0,32.66
7146786,Magic,March of the Machine: The Aftermath,"Nissa, Resurgent Animist (Extended Art)",,162,M,Near Mint,31.18,31.18,33.16,31.94,2,0,31.17
7146791,Magic,March of the Machine: The Aftermath,"Nissa, Resurgent Animist (Extended Art)",,162,M,Near Mint Foil,36.36,99.99,45.03,40.04,2,0,49.99
7143032,Magic,March of the Machine: The Aftermath,"Nissa, Resurgent Animist (Foil Etched)",,122,M,Near Mint Foil,29.95,34.4,28.99,27,1,0,34.39
7148156,Magic,March of the Machine: The Aftermath,"Nissa, Resurgent Animist (Retro Frame)",,72,M,Near Mint Foil,33.04,33.06,32.28,32.28,2,0,33.05
7140917,Magic,March of the Machine: The Aftermath,"Niv-Mizzet, Supreme",,40,R,Near Mint,0.21,0.21,1.42,0.2,8,0,0.21
7140922,Magic,March of the Machine: The Aftermath,"Niv-Mizzet, Supreme",,40,R,Near Mint Foil,0.24,0.23,,,4,0,0.23
7146671,Magic,March of the Machine: The Aftermath,"Niv-Mizzet, Supreme (Extended Art)",,175,R,Near Mint,0.43,0.49,1.47,0.25,3,0,0.49
7146676,Magic,March of the Machine: The Aftermath,"Niv-Mizzet, Supreme (Extended Art)",,175,R,Near Mint Foil,0.43,,1.65,0.43,2,0,0.43
7148511,Magic,March of the Machine: The Aftermath,"Niv-Mizzet, Supreme (Foil Etched)",,140,R,Near Mint Foil,0.31,0.29,1.43,0.21,3,0,0.29
7145896,Magic,March of the Machine: The Aftermath,"Niv-Mizzet, Supreme (Showcase)",,90,R,Near Mint,0.56,0.54,1.52,0.3,1,0,0.53
7145901,Magic,March of the Machine: The Aftermath,"Niv-Mizzet, Supreme (Showcase)",,90,R,Near Mint Foil,0.35,0.34,1.47,0.22,8,0,0.34
7139477,Magic,March of the Machine: The Aftermath,"Ob Nixilis, Captive Kingpin",,41,M,Near Mint,2.3,2.52,2.94,1.65,2,0,2.51
7139482,Magic,March of the Machine: The Aftermath,"Ob Nixilis, Captive Kingpin",,41,M,Near Mint Foil,2.4,2.6,3.21,1.99,4,0,2.59
7146111,Magic,March of the Machine: The Aftermath,"Ob Nixilis, Captive Kingpin (Extended Art)",,176,M,Near Mint,4.11,4.09,4.42,3.2,2,0,4.08
7149516,Magic,March of the Machine: The Aftermath,"Ob Nixilis, Captive Kingpin (Foil Etched)",,141,M,Near Mint Foil,3.93,3.04,4.21,2.99,2,0,3.03
7144561,Magic,March of the Machine: The Aftermath,"Ob Nixilis, Captive Kingpin (Halo Foil)",,220,M,Near Mint Foil,38.43,41.34,37.99,37,1,0,41.33
7147761,Magic,March of the Machine: The Aftermath,"Ob Nixilis, Captive Kingpin (Showcase)",,91,M,Near Mint Foil,4.85,5.15,5.16,5.16,4,0,5.14
7140117,Magic,March of the Machine: The Aftermath,Open the Way,,23,R,Near Mint,4.91,5.2,5.1,5.1,4,0,5.19
7140122,Magic,March of the Machine: The Aftermath,Open the Way,,23,R,Near Mint Foil,5.17,3.78,5,3.78,6,0,3.77
7143052,Magic,March of the Machine: The Aftermath,Open the Way (Extended Art),,163,R,Near Mint Foil,6.73,9.99,5.99,5,1,0,9.98
7145116,Magic,March of the Machine: The Aftermath,Open the Way (Foil Etched),,123,R,Near Mint Foil,5.32,5.45,5.4,5.4,2,0,5.44
7144676,Magic,March of the Machine: The Aftermath,Open the Way (Retro Frame),,73,R,Near Mint Foil,5.72,5.75,5.21,5.21,4,0,5.74
7141717,Magic,March of the Machine: The Aftermath,"Pia Nalaar, Consul of Revival",,42,R,Near Mint,0.46,0.33,1.44,0.22,7,0,0.33
7141722,Magic,March of the Machine: The Aftermath,"Pia Nalaar, Consul of Revival",,42,R,Near Mint Foil,0.41,,1.44,0.22,3,0,0.22
7146081,Magic,March of the Machine: The Aftermath,"Pia Nalaar, Consul of Revival (Extended Art)",,177,R,Near Mint,1.05,0.99,1.9,0.68,1,0,0.98
7146086,Magic,March of the Machine: The Aftermath,"Pia Nalaar, Consul of Revival (Extended Art)",,177,R,Near Mint Foil,1.38,1.48,2.22,1,2,0,1.47
7149301,Magic,March of the Machine: The Aftermath,"Pia Nalaar, Consul of Revival (Foil Etched)",,142,R,Near Mint Foil,0.64,0.53,1.37,0.15,5,0,0.52
7148646,Magic,March of the Machine: The Aftermath,"Pia Nalaar, Consul of Revival (Showcase)",,92,R,Near Mint,1.25,0.78,2,0.78,2,0,0.77
7148651,Magic,March of the Machine: The Aftermath,"Pia Nalaar, Consul of Revival (Showcase)",,92,R,Near Mint Foil,0.65,0.58,1.8,0.58,2,0,0.57
7140677,Magic,March of the Machine: The Aftermath,Plargg and Nassari,,18,R,Near Mint,2.85,3.3,2.89,1.67,5,0,3.29
7140682,Magic,March of the Machine: The Aftermath,Plargg and Nassari,,18,R,Near Mint Foil,2.03,9.68,2.99,1,5,0,9.67
7145236,Magic,March of the Machine: The Aftermath,Plargg and Nassari (Extended Art),,160,R,Near Mint,2,6.12,3.18,1.96,3,0,6.11
7145241,Magic,March of the Machine: The Aftermath,Plargg and Nassari (Extended Art),,160,R,Near Mint Foil,3.86,3.65,4.69,3.47,2,0,3.64
7144086,Magic,March of the Machine: The Aftermath,Plargg and Nassari (Foil Etched),,118,R,Near Mint Foil,2.46,3.03,2.19,0.97,3,0,3.02
7145021,Magic,March of the Machine: The Aftermath,Plargg and Nassari (Halo Foil),,202,R,Near Mint Foil,6.51,9.92,7.22,6.23,1,0,9.91
7147566,Magic,March of the Machine: The Aftermath,Plargg and Nassari (Showcase),,68,R,Near Mint,2.96,3.3,3.41,2.19,3,0,3.29
7147571,Magic,March of the Machine: The Aftermath,Plargg and Nassari (Showcase),,68,R,Near Mint Foil,2.57,3.9,2.65,1.43,7,0,3.89
7141077,Magic,March of the Machine: The Aftermath,Rebuild the City,,43,R,Near Mint,0.06,0.07,1.27,0.05,8,0,0.18
7141082,Magic,March of the Machine: The Aftermath,Rebuild the City,,43,R,Near Mint Foil,0.09,0.08,1.28,0.06,4,0,0.18
7144421,Magic,March of the Machine: The Aftermath,Rebuild the City (Extended Art),,178,R,Near Mint,0.14,0.13,1.32,0.1,2,0,0.18
7149316,Magic,March of the Machine: The Aftermath,Rebuild the City (Foil Etched),,143,R,Near Mint Foil,0.22,,1.32,0.1,4,0,0.18
7146371,Magic,March of the Machine: The Aftermath,Rebuild the City (Showcase),,93,R,Near Mint,0.15,,1.31,0.09,1,0,0.18
7140357,Magic,March of the Machine: The Aftermath,Reckless Handling,,19,U,Near Mint,0.12,0.1,1.27,0.05,25,0,0.18
7140362,Magic,March of the Machine: The Aftermath,Reckless Handling,,19,U,Near Mint Foil,0.18,,1.32,0.1,11,0,0.18
7147301,Magic,March of the Machine: The Aftermath,Reckless Handling (Foil Etched),,119,U,Near Mint Foil,0.21,,1.31,0.09,6,0,0.18
7144591,Magic,March of the Machine: The Aftermath,Reckless Handling (Showcase),,69,U,Near Mint,0.12,0.1,1.31,0.09,9,0,0.18
7144596,Magic,March of the Machine: The Aftermath,Reckless Handling (Showcase),,69,U,Near Mint Foil,0.16,0.13,1.35,0.13,7,0,0.18
7141157,Magic,March of the Machine: The Aftermath,"Rocco, Street Chef",,44,R,Near Mint,0.17,0.15,1.37,0.15,8,0,0.18
7141162,Magic,March of the Machine: The Aftermath,"Rocco, Street Chef",,44,R,Near Mint Foil,0.22,0.15,1.36,0.14,5,0,0.18
7149346,Magic,March of the Machine: The Aftermath,"Rocco, Street Chef (Extended Art)",,179,R,Near Mint,0.29,0.26,1.47,0.25,4,0,0.26
7149351,Magic,March of the Machine: The Aftermath,"Rocco, Street Chef (Extended Art)",,179,R,Near Mint Foil,0.43,0.42,1.57,0.32,1,0,0.42
7149331,Magic,March of the Machine: The Aftermath,"Rocco, Street Chef (Foil Etched)",,144,R,Near Mint Foil,0.31,,1.32,0.1,4,0,0.18
7148866,Magic,March of the Machine: The Aftermath,"Rocco, Street Chef (Halo Foil)",,223,R,Near Mint Foil,6.05,9.02,5.99,4,2,0,9.01
7139557,Magic,March of the Machine: The Aftermath,"Samut, Vizier of Naktamun",,45,M,Near Mint,2.35,2.53,2.62,1.4,4,0,2.52
7139562,Magic,March of the Machine: The Aftermath,"Samut, Vizier of Naktamun",,45,M,Near Mint Foil,2.39,2.04,3.02,1.8,2,0,2.03
7146771,Magic,March of the Machine: The Aftermath,"Samut, Vizier of Naktamun (Foil Etched)",,145,M,Near Mint Foil,3.05,2.99,3.45,2.23,3,0,2.98
7139637,Magic,March of the Machine: The Aftermath,"Sarkhan, Soul Aflame",,46,M,Near Mint,5.36,4.69,5.04,5.04,5,0,4.68
7139642,Magic,March of the Machine: The Aftermath,"Sarkhan, Soul Aflame",,46,M,Near Mint Foil,5.37,5.83,5.25,5.25,2,0,5.82
7144296,Magic,March of the Machine: The Aftermath,"Sarkhan, Soul Aflame (Extended Art)",,181,M,Near Mint,8.18,9.99,6.5,6.5,1,0,9.98
7144281,Magic,March of the Machine: The Aftermath,"Sarkhan, Soul Aflame (Foil Etched)",,146,M,Near Mint Foil,7.47,7.42,6.52,5.3,3,0,7.41
7142197,Magic,March of the Machine: The Aftermath,"Sigarda, Font of Blessings",,47,R,Near Mint,1.67,1.34,2.31,1.09,7,0,1.33
7142202,Magic,March of the Machine: The Aftermath,"Sigarda, Font of Blessings",,47,R,Near Mint Foil,1.58,1.7,2.46,1.24,6,0,1.69
7149256,Magic,March of the Machine: The Aftermath,"Sigarda, Font of Blessings (Extended Art)",,182,R,Near Mint,3.78,4.31,4.18,2.96,1,0,4.3
7149261,Magic,March of the Machine: The Aftermath,"Sigarda, Font of Blessings (Extended Art)",,182,R,Near Mint Foil,5.26,5.74,5.23,5.23,1,0,5.73
7146216,Magic,March of the Machine: The Aftermath,"Sigarda, Font of Blessings (Foil Etched)",,147,R,Near Mint Foil,1.86,1.58,1.9,0.68,3,0,1.57
7146261,Magic,March of the Machine: The Aftermath,"Sigarda, Font of Blessings (Showcase)",,97,R,Near Mint,2.57,2.8,2.74,1.52,3,0,2.79
7146266,Magic,March of the Machine: The Aftermath,"Sigarda, Font of Blessings (Showcase)",,97,R,Near Mint Foil,3.21,3.2,3.22,2,8,0,3.19
7138562,Magic,March of the Machine: The Aftermath,Spark Rupture,,5,R,Near Mint,0.08,0.07,1.27,0.05,8,0,0.18
7138567,Magic,March of the Machine: The Aftermath,Spark Rupture,,5,R,Near Mint Foil,0.1,,1.27,0.05,4,0,0.18
7138927,Magic,March of the Machine: The Aftermath,Spark Rupture (Borderless),,55,R,Near Mint,0.52,0.23,1.45,0.23,1,0,0.23
7138932,Magic,March of the Machine: The Aftermath,Spark Rupture (Borderless),,55,R,Near Mint Foil,0.28,,1.37,0.15,6,0,0.18
7138882,Magic,March of the Machine: The Aftermath,Spark Rupture (Extended Art),,153,R,Near Mint,0.16,0.13,1.34,0.12,3,0,0.18
7138887,Magic,March of the Machine: The Aftermath,Spark Rupture (Extended Art),,153,R,Near Mint Foil,0.15,0.09,1.32,0.1,1,0,0.18
7138912,Magic,March of the Machine: The Aftermath,Spark Rupture (Foil Etched),,105,R,Near Mint Foil,0.22,,1.35,0.13,4,0,0.18
7140277,Magic,March of the Machine: The Aftermath,"Tazri, Stalwart Survivor",,6,R,Near Mint,0.08,0.05,1.26,0.04,4,0,0.18
7140282,Magic,March of the Machine: The Aftermath,"Tazri, Stalwart Survivor",,6,R,Near Mint Foil,0.11,,1.28,0.06,3,0,0.18
7145486,Magic,March of the Machine: The Aftermath,"Tazri, Stalwart Survivor (Extended Art)",,154,R,Near Mint,0.22,0.13,1.36,0.14,2,0,0.18
7146936,Magic,March of the Machine: The Aftermath,"Tazri, Stalwart Survivor (Foil Etched)",,106,R,Near Mint Foil,0.16,,1.32,0.1,3,0,0.18
7148916,Magic,March of the Machine: The Aftermath,"Tazri, Stalwart Survivor (Showcase)",,56,R,Near Mint Foil,0.14,0.1,1.34,0.12,5,0,0.18
7008338,Magic,March of the Machine: The Aftermath,The Kenriths' Royal Funeral,,34,R,Near Mint,0.14,,1.32,0.1,4,0,0.18
7008343,Magic,March of the Machine: The Aftermath,The Kenriths' Royal Funeral,,34,R,Near Mint Foil,0.18,,1.33,0.11,5,0,0.18
7139007,Magic,March of the Machine: The Aftermath,The Kenriths' Royal Funeral (Extended Art),,169,R,Near Mint,0.17,,1.32,0.1,2,0,0.18
7139037,Magic,March of the Machine: The Aftermath,The Kenriths' Royal Funeral (Foil Etched),,134,R,Near Mint Foil,0.2,,1.35,0.13,3,0,0.18
7139132,Magic,March of the Machine: The Aftermath,The Kenriths' Royal Funeral (Halo Foil),,213,R,Near Mint Foil,1.21,1.15,2.02,0.8,1,0,1.14
7139057,Magic,March of the Machine: The Aftermath,The Kenriths' Royal Funeral (Showcase),,84,R,Near Mint Foil,0.12,,1.31,0.09,1,0,0.18
7142712,Magic,March of the Machine: The Aftermath,Tolarian Contempt,,8,U,Near Mint,0.05,0.01,1.23,0.01,26,0,0.18
7142717,Magic,March of the Machine: The Aftermath,Tolarian Contempt,,8,U,Near Mint Foil,0.02,,1.23,0.01,9,0,0.18
7143576,Magic,March of the Machine: The Aftermath,Tolarian Contempt (Foil Etched),,108,U,Near Mint Foil,0.15,,1.28,0.06,6,0,0.18
7146496,Magic,March of the Machine: The Aftermath,Tolarian Contempt (Showcase),,58,U,Near Mint,0.02,,1.23,0.01,10,0,0.18
7146501,Magic,March of the Machine: The Aftermath,Tolarian Contempt (Showcase),,58,U,Near Mint Foil,0.07,,1.23,0.01,3,0,0.18
7142527,Magic,March of the Machine: The Aftermath,Training Grounds,,9,R,Near Mint,3.53,3.75,3.84,2.62,7,0,3.74
7142532,Magic,March of the Machine: The Aftermath,Training Grounds,,9,R,Near Mint Foil,3.41,3.74,3.91,2.69,8,0,3.73
7146051,Magic,March of the Machine: The Aftermath,Training Grounds (Extended Art),,155,R,Near Mint,3.91,3.62,4.4,3.18,2,0,3.61
7146056,Magic,March of the Machine: The Aftermath,Training Grounds (Extended Art),,155,R,Near Mint Foil,4.47,4.46,4.39,3.17,1,0,4.45
7143916,Magic,March of the Machine: The Aftermath,Training Grounds (Foil Etched),,109,R,Near Mint Foil,3.69,3.77,4.22,3,1,0,3.76
7148311,Magic,March of the Machine: The Aftermath,Training Grounds (Showcase),,59,R,Near Mint Foil,3.3,3.46,3.72,2.5,1,0,3.45
7141957,Magic,March of the Machine: The Aftermath,Tranquil Frillback,,24,R,Near Mint,2.49,1.94,2.69,1.47,5,0,1.93
7141962,Magic,March of the Machine: The Aftermath,Tranquil Frillback,,24,R,Near Mint Foil,2.15,2.36,3.28,2.06,3,0,2.35
7143676,Magic,March of the Machine: The Aftermath,Tranquil Frillback (Extended Art),,164,R,Near Mint,4.86,4.58,4.98,3.76,4,0,4.57
7143681,Magic,March of the Machine: The Aftermath,Tranquil Frillback (Extended Art),,164,R,Near Mint Foil,5.13,4.86,5.1,5.1,1,0,4.85
7144326,Magic,March of the Machine: The Aftermath,Tranquil Frillback (Foil Etched),,124,R,Near Mint Foil,2.85,2.66,3.65,2.43,4,0,2.65
7143836,Magic,March of the Machine: The Aftermath,Tranquil Frillback (Showcase),,74,R,Near Mint Foil,1.89,1.89,2.85,1.63,4,0,1.88
7139717,Magic,March of the Machine: The Aftermath,Tyvar the Bellicose,,48,M,Near Mint,1.65,1.29,2.2,0.98,3,0,1.28
7139722,Magic,March of the Machine: The Aftermath,Tyvar the Bellicose,,48,M,Near Mint Foil,2.2,2.21,2.71,1.49,2,0,2.2
7148481,Magic,March of the Machine: The Aftermath,Tyvar the Bellicose (Extended Art),,183,M,Near Mint,2.17,2.25,3.03,1.81,2,0,2.24
7148486,Magic,March of the Machine: The Aftermath,Tyvar the Bellicose (Extended Art),,183,M,Near Mint Foil,2.46,2.39,2.27,1.05,2,0,2.38
7148821,Magic,March of the Machine: The Aftermath,Tyvar the Bellicose (Foil Etched),,148,M,Near Mint Foil,1.42,1.91,2.17,0.95,2,0,1.9
7147446,Magic,March of the Machine: The Aftermath,Tyvar the Bellicose (Showcase),,98,M,Near Mint Foil,3.14,3.12,4,2.78,2,0,3.11
7140837,Magic,March of the Machine: The Aftermath,Undercity Upheaval,,25,U,Near Mint,0.03,0.01,1.23,0.01,27,0,0.18
7140842,Magic,March of the Machine: The Aftermath,Undercity Upheaval,,25,U,Near Mint Foil,0.03,,1.25,0.03,12,0,0.18
7149286,Magic,March of the Machine: The Aftermath,Undercity Upheaval (Foil Etched),,125,U,Near Mint Foil,0.1,,1.26,0.04,9,0,0.18
7146141,Magic,March of the Machine: The Aftermath,Undercity Upheaval (Halo Foil),,205,U,Near Mint Foil,0.2,,1.37,0.15,3,0,0.18
7146591,Magic,March of the Machine: The Aftermath,Undercity Upheaval (Showcase),,75,U,Near Mint,0.06,,1.23,0.01,8,0,0.18
7146596,Magic,March of the Machine: The Aftermath,Undercity Upheaval (Showcase),,75,U,Near Mint Foil,0.07,,1.23,0.01,2,0,0.18
7142872,Magic,March of the Machine: The Aftermath,Urborg Scavengers,,15,R,Near Mint,0.16,0.15,1.32,0.1,8,0,0.18
7142877,Magic,March of the Machine: The Aftermath,Urborg Scavengers,,15,R,Near Mint Foil,0.22,0.2,1.36,0.14,3,0,0.2
7146156,Magic,March of the Machine: The Aftermath,Urborg Scavengers (Extended Art),,158,R,Near Mint,0.31,0.29,1.47,0.25,1,0,0.29
7146161,Magic,March of the Machine: The Aftermath,Urborg Scavengers (Extended Art),,158,R,Near Mint Foil,0.38,0.18,1.34,0.12,3,0,0.18
7147111,Magic,March of the Machine: The Aftermath,Urborg Scavengers (Foil Etched),,115,R,Near Mint Foil,0.18,,1.36,0.14,5,0,0.18
7147931,Magic,March of the Machine: The Aftermath,Urborg Scavengers (Halo Foil),,199,R,Near Mint Foil,1.89,1.12,2.22,1,2,0,1.11
7144191,Magic,March of the Machine: The Aftermath,Urborg Scavengers (Showcase),,65,R,Near Mint Foil,0.28,,1.37,0.15,3,0,0.18
7142792,Magic,March of the Machine: The Aftermath,Vesuvan Drifter,,10,R,Near Mint,0.18,0.18,1.32,0.1,6,0,0.18
7142797,Magic,March of the Machine: The Aftermath,Vesuvan Drifter,,10,R,Near Mint Foil,0.28,0.14,1.3,0.08,5,0,0.18
7149071,Magic,March of the Machine: The Aftermath,Vesuvan Drifter (Extended Art),,156,R,Near Mint,0.46,0.41,1.42,0.2,2,0,0.41
7149076,Magic,March of the Machine: The Aftermath,Vesuvan Drifter (Extended Art),,156,R,Near Mint Foil,0.45,0.39,1.61,0.39,3,0,0.39
7148556,Magic,March of the Machine: The Aftermath,Vesuvan Drifter (Foil Etched),,110,R,Near Mint Foil,0.34,0.2,1.42,0.2,8,0,0.2
7145561,Magic,March of the Machine: The Aftermath,Vesuvan Drifter (Showcase),,60,R,Near Mint,0.64,0.6,1.65,0.43,1,0,0.59
7145566,Magic,March of the Machine: The Aftermath,Vesuvan Drifter (Showcase),,60,R,Near Mint Foil,0.24,0.24,1.43,0.21,2,0,0.24