TCGplayer Id,Product Line,Set Name,Product Name,Title,Number,Rarity,Condition,TCG Market Price,TCG Direct Low,TCG Low Price With Shipping,TCG Low Price,Total Quantity,Add to Quantity,TCG Marketplace Price,Photo URL
4865015,Magic,Strixhaven: School of Mages,Academic Dispute,,91,U,Near Mint,0.03,,1,0.01,8,0,0.18,
4865020,Magic,Strixhaven: School of Mages,Academic Dispute,,91,U,Near Mint Foil,0.08,,1.04,0.05,1,0,0.18,
4850217,Magic,Strixhaven: School of Mages,Academic Probation,,7,R,Near Mint,0.07,0.04,1.01,0.02,2,0,0.18,
4864245,Magic,Strixhaven: School of Mages,Access Tunnel,,262,U,Near Mint,1.45,1.11,1.48,0.49,5,0,1.1,
4861021,Magic,Strixhaven: School of Mages,Accomplished Alchemist,,119,R,Near Mint,0.2,,1.18,0.19,2,0,0.19,
4860361,Magic,Strixhaven: School of Mages,Aether Helix,,162,U,Near Mint,0.02,,1,0.01,5,0,0.18,
4849887,Magic,Strixhaven: School of Mages,Ageless Guardian,,8,C,Near Mint,0.02,,1,0.01,16,0,0.18,
4849892,Magic,Strixhaven: School of Mages,Ageless Guardian,,8,C,Near Mint Foil,0.05,0.01,1,0.01,1,0,0.18,
4870368,Magic,Strixhaven: School of Mages,Arcane Subtraction,,36,C,Near Mint,0.01,0.01,1,0.01,9,0,0.18,
4837936,Magic,Strixhaven: School of Mages,Archmage Emeritus,,37,R,Near Mint,4.93,6.49,3.89,2.9,3,0,6.48,
4860251,Magic,Strixhaven: School of Mages,Archway Commons,,263,C,Near Mint,0.06,0.04,1,0.01,19,0,0.18,
4860256,Magic,Strixhaven: School of Mages,Archway Commons,,263,C,Near Mint Foil,0.18,0.14,1.06,0.07,1,0,0.18,
4865565,Magic,Strixhaven: School of Mages,Ardent Dustspeaker,,92,U,Near Mint,0.03,0.01,1,0.01,10,0,0.18,
4862355,Magic,Strixhaven: School of Mages,Arrogant Poet,,63,C,Near Mint,0.02,,1,0.01,18,0,0.18,
4861185,Magic,Strixhaven: School of Mages,Augmenter Pugilist,,147,R,Near Mint,0.13,0.08,1.07,0.08,3,0,0.18,
4913799,Magic,Strixhaven: School of Mages,Avatar Token,,1,T,Near Mint,0.79,0.23,1.22,0.23,1,0,0.23,
4862465,Magic,Strixhaven: School of Mages,Baleful Mastery,,64,R,Near Mint,1.93,1.99,2.21,1.22,3,0,1.98,
4862470,Magic,Strixhaven: School of Mages,Baleful Mastery,,64,R,Near Mint Foil,1.69,,2.68,1.69,1,0,1.68,
4869373,Magic,Strixhaven: School of Mages,Basic Conjuration,,120,R,Near Mint,0.09,,1.04,0.04,1,0,0.18,
4875488,Magic,Strixhaven: School of Mages,Bayou Groff,,121,C,Near Mint,0.07,0.05,1.04,0.05,14,0,0.18,
4849997,Magic,Strixhaven: School of Mages,Beaming Defiance,,9,C,Near Mint,0.02,0.01,1,0.01,15,0,0.18,
4873608,Magic,Strixhaven: School of Mages,Beledros Witherbloom,,163,M,Near Mint,10.43,11.11,9.25,8.26,1,0,11.1,
4876258,Magic,Strixhaven: School of Mages,Biblioplex Assistant,,251,C,Near Mint,0.02,,1,0.01,17,0,0.18,
4875818,Magic,Strixhaven: School of Mages,Big Play,,122,C,Near Mint,0.02,0.01,1,0.01,17,0,0.18,
4866335,Magic,Strixhaven: School of Mages,Biomathematician,,164,C,Near Mint,0.02,0.01,1,0.01,17,0,0.18,
4849107,Magic,Strixhaven: School of Mages,Blade Historian,,165,R,Near Mint,2.26,1.69,1.98,0.99,1,0,1.68,
4874158,Magic,Strixhaven: School of Mages,"Blex, Vexing Pest",,148,M,Near Mint,1.55,2.94,1.54,0.55,1,0,2.93,
4865125,Magic,Strixhaven: School of Mages,Blood Age General,,93,C,Near Mint,0.01,0.01,1,0.01,15,0,0.18,
4877798,Magic,Strixhaven: School of Mages,Blood Researcher,,166,C,Near Mint,0.03,0.01,1,0.01,14,0,0.18,
4878128,Magic,Strixhaven: School of Mages,Blot Out the Sky,,167,M,Near Mint,0.54,,1.49,0.5,1,0,0.5,
4868613,Magic,Strixhaven: School of Mages,Body of Research,,168,M,Near Mint,0.72,0.89,1.24,0.25,1,0,0.88,
4867330,Magic,Strixhaven: School of Mages,Bookwurm,,123,U,Near Mint,0.07,0.03,1.02,0.03,4,0,0.18,
4871348,Magic,Strixhaven: School of Mages,Brackish Trudge,,65,U,Near Mint,0.02,0.01,1,0.01,8,0,0.18,
4871353,Magic,Strixhaven: School of Mages,Brackish Trudge,,65,U,Near Mint Foil,0.05,0.03,1,0.01,1,0,0.18,
4870145,Magic,Strixhaven: School of Mages,Burrog Befuddler,,38,C,Near Mint,0.02,,1,0.01,17,0,0.18,
4852537,Magic,Strixhaven: School of Mages,Bury in Books,,39,C,Near Mint,0.02,,1,0.01,16,0,0.18,
4852542,Magic,Strixhaven: School of Mages,Bury in Books,,39,C,Near Mint Foil,0.02,,1,0.01,1,0,0.18,
4874938,Magic,Strixhaven: School of Mages,Callous Bloodmage,,66,R,Near Mint,0.19,,1.14,0.15,3,0,0.18,
4874943,Magic,Strixhaven: School of Mages,Callous Bloodmage,,66,R,Near Mint Foil,0.33,,1.2,0.1,1,0,0.21,
4852867,Magic,Strixhaven: School of Mages,Campus Guide,,252,C,Near Mint,0.02,0.02,1,0.01,15,0,0.18,
4866005,Magic,Strixhaven: School of Mages,Charge Through,,124,C,Near Mint,0.1,0.1,1.08,0.09,13,0,0.18,
4866010,Magic,Strixhaven: School of Mages,Charge Through,,124,C,Near Mint Foil,0.18,,1.1,0.1,1,0,0.18,
4857412,Magic,Strixhaven: School of Mages,Clever Lumimancer,,10,U,Near Mint,0.06,0.01,1,0.01,6,0,0.18,
4866780,Magic,Strixhaven: School of Mages,Closing Statement,,169,U,Near Mint,0.03,0.01,1,0.01,5,0,0.18,
4853237,Magic,Strixhaven: School of Mages,"Codie, Vociferous Codex",,253,R,Near Mint,0.2,0.18,1.09,0.1,3,0,0.18,
4860141,Magic,Strixhaven: School of Mages,Cogwork Archivist,,254,C,Near Mint,0.03,0.01,1,0.01,15,0,0.18,
4853127,Magic,Strixhaven: School of Mages,Combat Professor,,11,C,Near Mint,0.03,,1,0.01,16,0,0.18,
4853132,Magic,Strixhaven: School of Mages,Combat Professor,,11,C,Near Mint Foil,0.04,,1,0.01,1,0,0.18,
4838096,Magic,Strixhaven: School of Mages,Confront the Past,,67,R,Near Mint,0.09,,1.04,0.05,4,0,0.18,
4865235,Magic,Strixhaven: School of Mages,Conspiracy Theorist,,94,R,Near Mint,0.23,,1.14,0.15,3,0,0.18,
4872118,Magic,Strixhaven: School of Mages,Containment Breach,,125,U,Near Mint,0.05,,1.01,0.01,5,0,0.18,
4865895,Magic,Strixhaven: School of Mages,Crackle with Power,,95,M,Near Mint,10.18,11.96,10.25,10.25,2,0,11.95,
4878238,Magic,Strixhaven: School of Mages,Cram Session,,170,C,Near Mint,0.02,0.01,1,0.01,15,0,0.18,
4878243,Magic,Strixhaven: School of Mages,Cram Session,,170,C,Near Mint Foil,0.08,,1.03,0.03,1,0,0.18,
4854212,Magic,Strixhaven: School of Mages,Creative Outburst,,171,U,Near Mint,0.11,,1.04,0.05,5,0,0.18,
4862575,Magic,Strixhaven: School of Mages,Crushing Disappointment,,68,C,Near Mint,0.04,0.01,1,0.01,15,0,0.18,
4862580,Magic,Strixhaven: School of Mages,Crushing Disappointment,,68,C,Near Mint Foil,0.12,0.01,1,0.01,1,0,0.18,
4878428,Magic,Strixhaven: School of Mages,Culling Ritual,,172,R,Near Mint,0.7,0.85,1.48,0.49,3,0,0.84,
4857082,Magic,Strixhaven: School of Mages,Culmination of Studies,,173,R,Near Mint,0.08,,1.03,0.04,1,0,0.18,
4852647,Magic,Strixhaven: School of Mages,Curate,,40,C,Near Mint,0.04,,1.01,0.02,18,0,0.18,
4872008,Magic,Strixhaven: School of Mages,Daemogoth Titan,,174,R,Near Mint,0.25,0.19,1.09,0.1,3,0,0.19,
4878648,Magic,Strixhaven: School of Mages,Daemogoth Woe-Eater,,175,U,Near Mint,0.14,0.1,1.08,0.09,6,0,0.18,
4878758,Magic,Strixhaven: School of Mages,Deadly Brew,,176,U,Near Mint,0.18,0.1,1.1,0.1,5,0,0.18,
4869053,Magic,Strixhaven: School of Mages,Decisive Denial,,177,U,Near Mint,0.22,,1.14,0.15,6,0,0.18,
4869058,Magic,Strixhaven: School of Mages,Decisive Denial,,177,U,Near Mint Foil,0.27,,1.19,0.2,1,0,0.2,
4856972,Magic,Strixhaven: School of Mages,Defend the Campus,,12,C,Near Mint,0.02,0.01,1,0.01,15,0,0.18,
4867110,Magic,Strixhaven: School of Mages,Detention Vortex,,13,U,Near Mint,0.01,,1,0.01,11,0,0.18,
4867885,Magic,Strixhaven: School of Mages,Devastating Mastery,,14,R,Near Mint,0.11,,1.05,0.06,2,0,0.18,
4875928,Magic,Strixhaven: School of Mages,Devouring Tendrils,,126,U,Near Mint,0.07,0.06,1.04,0.04,5,0,0.18,
4873168,Magic,Strixhaven: School of Mages,"Dina, Soul Steeper",,178,U,Near Mint,0.19,0.1,1.08,0.09,5,0,0.18,
4876038,Magic,Strixhaven: School of Mages,Divide by Zero,,41,U,Near Mint,0.07,0.03,1.02,0.03,10,0,0.18,
4876043,Magic,Strixhaven: School of Mages,Divide by Zero,,41,U,Near Mint Foil,0.27,0.24,1.19,0.2,1,0,0.24,
4866115,Magic,Strixhaven: School of Mages,Double Major,,179,R,Near Mint,2.74,4.18,1.89,0.9,2,0,4.17,
4865675,Magic,Strixhaven: School of Mages,Draconic Intervention,,96,R,Near Mint,0.15,,1.09,0.1,4,0,0.18,
4865345,Magic,Strixhaven: School of Mages,Dragon's Approach,,97,C,Near Mint,2.74,2.38,3.33,2.34,16,0,2.37,
4865350,Magic,Strixhaven: School of Mages,Dragon's Approach,,97,C,Near Mint Foil,3.55,3.51,3.84,2.85,1,0,3.5,
4837236,Magic,Strixhaven: School of Mages,Dragonsguard Elite,,127,R,Near Mint,0.11,,1.05,0.06,2,0,0.18,
4878868,Magic,Strixhaven: School of Mages,Dramatic Finale,,180,R,Near Mint,0.14,,1.09,0.1,1,0,0.18,
4878873,Magic,Strixhaven: School of Mages,Dramatic Finale,,180,R,Near Mint Foil,0.25,,1.16,0.17,1,0,0.18,
4869923,Magic,Strixhaven: School of Mages,Dream Strix,,42,R,Near Mint,0.06,0.06,1.03,0.04,1,0,0.18,
4850107,Magic,Strixhaven: School of Mages,Dueling Coach,,15,U,Near Mint,0.02,0.01,1,0.01,9,0,0.18,
4837126,Magic,Strixhaven: School of Mages,Eager First-Year,,16,C,Near Mint,0.02,,1,0.01,19,0,0.18,
4837131,Magic,Strixhaven: School of Mages,Eager First-Year,,16,C,Near Mint Foil,0.02,,1,0.01,1,0,0.18,
4859367,Magic,Strixhaven: School of Mages,Ecological Appreciation,,128,M,Near Mint,0.42,0.49,1.19,0.2,1,0,0.49,
4851727,Magic,Strixhaven: School of Mages,Efreet Flamepainter,,98,R,Near Mint,0.12,,1.04,0.05,2,0,0.18,
4861915,Magic,Strixhaven: School of Mages,Elemental Expressionist,,181,R,Near Mint,0.05,0.05,1.03,0.04,2,0,0.18,
4861920,Magic,Strixhaven: School of Mages,Elemental Expressionist,,181,R,Near Mint Foil,0.17,0.1,1.09,0.1,1,0,0.18,
4859811,Magic,Strixhaven: School of Mages,Elemental Masterpiece,,182,C,Near Mint,0.04,,1,0.01,18,0,0.18,
4862025,Magic,Strixhaven: School of Mages,Elemental Summoning,,183,C,Near Mint,0.02,0.01,1,0.01,18,0,0.18,
4899089,Magic,Strixhaven: School of Mages,Elemental Token,,2,T,Near Mint,0.11,0.09,1.06,0.07,21,0,0.18,
4849387,Magic,Strixhaven: School of Mages,Elite Spellbinder,,17,R,Near Mint,0.15,0.13,1.09,0.1,3,0,0.18,
4913649,Magic,Strixhaven: School of Mages,"Emblem - Lukka, Wayward Bonder",,8,T,Near Mint,0.25,,1.18,0.19,3,0,0.19,
4913719,Magic,Strixhaven: School of Mages,"Emblem - Rowan, Scholar of Sparks",,9,T,Near Mint,0.17,,1.04,0.05,3,0,0.18,
4860911,Magic,Strixhaven: School of Mages,Emergent Sequence,,129,U,Near Mint,0.11,0.08,1.07,0.08,6,0,0.18,
4860916,Magic,Strixhaven: School of Mages,Emergent Sequence,,129,U,Near Mint Foil,0.2,,1.14,0.15,1,0,0.18,
4847317,Magic,Strixhaven: School of Mages,Enthusiastic Study,,99,C,Near Mint,0.03,,1,0.01,12,0,0.18,
4847767,Magic,Strixhaven: School of Mages,Environmental Sciences,,1,C,Near Mint,0.11,0.1,1.04,0.04,18,0,0.18,
4864905,Magic,Strixhaven: School of Mages,Essence Infusion,,69,C,Near Mint,0.02,,1,0.01,20,0,0.18,
4860801,Magic,Strixhaven: School of Mages,Eureka Moment,,184,C,Near Mint,0.14,,1.08,0.09,15,0,0.18,
4874548,Magic,Strixhaven: School of Mages,Excavated Wall,,255,C,Near Mint,0.02,0.01,1,0.01,17,0,0.18,
4878978,Magic,Strixhaven: School of Mages,Exhilarating Elocution,,185,C,Near Mint,0.02,0.01,1,0.01,16,0,0.18,
4840201,Magic,Strixhaven: School of Mages,Expanded Anatomy,,2,C,Near Mint,0.02,0.01,1,0.01,22,0,0.18,
4840206,Magic,Strixhaven: School of Mages,Expanded Anatomy,,2,C,Near Mint Foil,0.08,,1.02,0.03,1,0,0.18,
4864575,Magic,Strixhaven: School of Mages,Expel,,18,C,Near Mint,0.03,0.01,1,0.01,15,0,0.18,
4855462,Magic,Strixhaven: School of Mages,Explosive Welcome,,100,U,Near Mint,0.03,0.01,1,0.01,6,0,0.18,
4870688,Magic,Strixhaven: School of Mages,Exponential Growth,,130,R,Near Mint,0.27,,1.22,0.23,1,0,0.23,
4862135,Magic,Strixhaven: School of Mages,Expressive Iteration,,186,U,Near Mint,0.86,0.73,1.62,0.63,7,0,0.72,
4857522,Magic,Strixhaven: School of Mages,"Extus, Oriq Overlord",,149,M,Near Mint,0.34,0.25,1.24,0.25,1,0,0.25,
4862685,Magic,Strixhaven: School of Mages,Eyetwitch,,70,U,Near Mint,0.11,,1.09,0.1,6,0,0.18,
4860691,Magic,Strixhaven: School of Mages,Fervent Mastery,,101,R,Near Mint,0.11,,1.03,0.04,2,0,0.18,
4847437,Magic,Strixhaven: School of Mages,Field Trip,,131,C,Near Mint,0.02,,1,0.01,20,0,0.18,
4847442,Magic,Strixhaven: School of Mages,Field Trip,,131,C,Near Mint Foil,0.04,0.01,1,0.01,1,0,0.18,
4840316,Magic,Strixhaven: School of Mages,First Day of Class,,102,C,Near Mint,0.16,,1.1,0.11,16,0,0.18,
4840321,Magic,Strixhaven: School of Mages,First Day of Class,,102,C,Near Mint Foil,0.27,,1.13,0.14,1,0,0.18,
4854102,Magic,Strixhaven: School of Mages,Flamescroll Celebrant,,150,R,Near Mint,0.14,,1.05,0.06,4,0,0.18,
4876808,Magic,Strixhaven: School of Mages,Flunk,,71,U,Near Mint,0.04,,1,0.01,5,0,0.18,
4855572,Magic,Strixhaven: School of Mages,Fortifying Draught,,132,U,Near Mint,0.06,,1.01,0.02,8,0,0.18,
4868325,Magic,Strixhaven: School of Mages,Fractal Summoning,,187,C,Near Mint,0.03,0.01,1,0.01,17,0,0.18,
4868330,Magic,Strixhaven: School of Mages,Fractal Summoning,,187,C,Near Mint Foil,0.04,0.02,1,0.01,1,0,0.18,
4899149,Magic,Strixhaven: School of Mages,Fractal Token,,3,T,Near Mint,0.15,0.13,1.12,0.13,16,0,0.18,
4879088,Magic,Strixhaven: School of Mages,Fracture,,188,U,Near Mint,1.26,1.43,1.89,0.9,5,0,1.42,
4858182,Magic,Strixhaven: School of Mages,Frost Trickster,,43,C,Near Mint,0.03,0.01,1,0.01,15,0,0.18,
4838256,Magic,Strixhaven: School of Mages,Frostboil Snarl,,265,R,Near Mint,0.26,0.25,1.14,0.15,1,0,0.25,
4838261,Magic,Strixhaven: School of Mages,Frostboil Snarl,,265,R,Near Mint Foil,0.72,0.42,1.41,0.42,1,0,0.42,
4865785,Magic,Strixhaven: School of Mages,Fuming Effigy,,103,C,Near Mint,0.06,,1,0.01,19,0,0.18,
4838376,Magic,Strixhaven: School of Mages,Furycalm Snarl,,266,R,Near Mint,0.19,0.2,1.17,0.18,2,0,0.2,
4862905,Magic,Strixhaven: School of Mages,Galazeth Prismari,,189,M,Near Mint,3.06,3.48,3.35,2.36,1,0,3.47,
4876368,Magic,Strixhaven: School of Mages,Gnarled Professor,,133,R,Near Mint,0.09,,1,0.01,4,0,0.18,
4851597,Magic,Strixhaven: School of Mages,Go Blank,,72,U,Near Mint,0.26,0.28,1.14,0.15,6,0,0.28,
4858922,Magic,Strixhaven: School of Mages,Golden Ratio,,190,U,Near Mint,0.03,0.01,1,0.01,10,0,0.18,
4862245,Magic,Strixhaven: School of Mages,Grinning Ignus,,104,U,Near Mint,0.05,,1.05,0.06,5,0,0.18,
4847097,Magic,Strixhaven: School of Mages,Guiding Voice,,19,C,Near Mint,0.03,0.01,1,0.01,16,0,0.18,
4862795,Magic,Strixhaven: School of Mages,Hall Monitor,,105,U,Near Mint,0.03,,1,0.01,6,0,0.18,
4859032,Magic,Strixhaven: School of Mages,Hall of Oracles,,267,R,Near Mint,0.26,,1.19,0.2,4,0,0.2,
4873498,Magic,Strixhaven: School of Mages,Harness Infinity,,191,M,Near Mint,0.26,0.26,1.23,0.24,1,0,0.26,
4852097,Magic,Strixhaven: School of Mages,Heated Debate,,106,C,Near Mint,0.02,,1,0.01,20,0,0.18,
4927065,Magic,Strixhaven: School of Mages,Helper Card - 1/9,,1,S,Near Mint,0.18,,1.14,0.15,2,0,0.18,
4927070,Magic,Strixhaven: School of Mages,Helper Card - 2/9,,2,S,Near Mint,0.23,,1.19,0.2,3,0,0.2,
4927075,Magic,Strixhaven: School of Mages,Helper Card - 3/9,,3,S,Near Mint,0.33,,1.19,0.2,2,0,0.2,
4927080,Magic,Strixhaven: School of Mages,Helper Card - 4/9,,4,S,Near Mint,0.23,,1.1,0.11,4,0,0.18,
4927085,Magic,Strixhaven: School of Mages,Helper Card - 5/9,,5,S,Near Mint,0.27,0.2,1.14,0.15,2,0,0.2,
4927090,Magic,Strixhaven: School of Mages,Helper Card - 6/9,,6,S,Near Mint,0.17,,1.14,0.15,3,0,0.18,
4927095,Magic,Strixhaven: School of Mages,Helper Card - 7/9,,7,S,Near Mint,0.19,,1.09,0.1,4,0,0.18,
4927100,Magic,Strixhaven: School of Mages,Helper Card - 8/9,,8,S,Near Mint,0.17,0.18,1.13,0.14,3,0,0.18,
4927106,Magic,Strixhaven: School of Mages,Helper Card - 9/9,,9,S,Near Mint,0.2,,1.12,0.13,4,0,0.18,
4852317,Magic,Strixhaven: School of Mages,Hofri Ghostforge,,192,M,Near Mint,1.18,1.3,1.48,0.49,2,0,1.29,
4872228,Magic,Strixhaven: School of Mages,Honor Troll,,134,U,Near Mint,0.05,0.04,1.01,0.02,7,0,0.18,
4872233,Magic,Strixhaven: School of Mages,Honor Troll,,134,U,Near Mint Foil,0.12,,1,0.01,1,0,0.18,
4879198,Magic,Strixhaven: School of Mages,Humiliate,,193,U,Near Mint,0.04,0.01,1,0.01,6,0,0.18,
4872338,Magic,Strixhaven: School of Mages,Hunt for Specimens,,73,C,Near Mint,0.03,0.01,1,0.01,15,0,0.18,
4872343,Magic,Strixhaven: School of Mages,Hunt for Specimens,,73,C,Near Mint Foil,0.07,0.03,1,0.01,1,0,0.18,
4856712,Magic,Strixhaven: School of Mages,Igneous Inspiration,,107,U,Near Mint,0.02,0.01,1,0.01,5,0,0.18,
4851267,Magic,Strixhaven: School of Mages,Illuminate History,,108,R,Near Mint,0.08,,1.04,0.04,3,0,0.18,
4853457,Magic,Strixhaven: School of Mages,Illustrious Historian,,109,C,Near Mint,0.01,,1,0.01,13,0,0.18,
4874438,Magic,Strixhaven: School of Mages,Infuse with Vitality,,194,C,Near Mint,0.06,0.05,1.04,0.05,17,0,0.18,
4878538,Magic,Strixhaven: School of Mages,Ingenious Mastery,,44,R,Near Mint,0.11,,1.09,0.1,2,0,0.18,
4864355,Magic,Strixhaven: School of Mages,Inkling Summoning,,195,C,Near Mint,0.03,,1,0.01,18,0,0.18,
4899209,Magic,Strixhaven: School of Mages,Inkling Token,,4,T,Near Mint,0.19,,1.12,0.13,18,0,0.18,
4841236,Magic,Strixhaven: School of Mages,Introduction to Annihilation,,3,C,Near Mint,0.15,0.11,1.07,0.08,19,0,0.18,
4841101,Magic,Strixhaven: School of Mages,Introduction to Prophecy,,4,C,Near Mint,0.1,0.09,1.03,0.04,17,0,0.18,
4872448,Magic,Strixhaven: School of Mages,"Jadzi, Oracle of Arcavios",,151,M,Near Mint,0.55,0.54,1.38,0.39,1,0,0.53,
4868215,Magic,Strixhaven: School of Mages,Karok Wrangler,,135,U,Near Mint,0.02,0.01,1,0.01,9,0,0.18,
4858702,Magic,Strixhaven: School of Mages,Kelpie Guide,,45,U,Near Mint,0.18,0.1,1.16,0.17,6,0,0.18,
4858707,Magic,Strixhaven: School of Mages,Kelpie Guide,,45,U,Near Mint Foil,0.27,,1.24,0.25,1,0,0.25,
4840876,Magic,Strixhaven: School of Mages,"Kianne, Dean of Substance",,152,R,Near Mint,0.07,,1.02,0.03,3,0,0.18,
4879308,Magic,Strixhaven: School of Mages,"Killian, Ink Duelist",,197,U,Near Mint,0.34,,1.25,0.26,6,0,0.26,
4879313,Magic,Strixhaven: School of Mages,"Killian, Ink Duelist",,197,U,Near Mint Foil,0.42,,1.4,0.41,1,0,0.41,
4877138,Magic,Strixhaven: School of Mages,Lash of Malice,,74,C,Near Mint,0.02,0.01,1,0.01,17,0,0.18,
4872728,Magic,Strixhaven: School of Mages,Leech Fanatic,,75,C,Near Mint,0.02,0.01,1,0.01,16,0,0.18,
4872733,Magic,Strixhaven: School of Mages,Leech Fanatic,,75,C,Near Mint Foil,0.01,0.01,1,0.01,1,0,0.18,
4860471,Magic,Strixhaven: School of Mages,Leonin Lightscribe,,20,R,Near Mint,0.24,0.21,1.22,0.23,2,0,0.21,
4867555,Magic,Strixhaven: School of Mages,Letter of Acceptance,,256,C,Near Mint,0.04,,1.02,0.03,17,0,0.18,
4868943,Magic,Strixhaven: School of Mages,Leyline Invocation,,136,C,Near Mint,0.03,,1,0.01,20,0,0.18,
4836906,Magic,Strixhaven: School of Mages,Lorehold Apprentice,,198,U,Near Mint,0.05,,1,0.01,9,0,0.18,
4836911,Magic,Strixhaven: School of Mages,Lorehold Apprentice,,198,U,Near Mint Foil,0.11,,1.04,0.05,1,0,0.18,
4851487,Magic,Strixhaven: School of Mages,Lorehold Campus,,268,C,Near Mint,0.07,0.03,1.02,0.03,16,0,0.18,
4784538,Magic,Strixhaven: School of Mages,Lorehold Command,,199,R,Near Mint,0.19,,1.14,0.15,3,0,0.18,
4850937,Magic,Strixhaven: School of Mages,Lorehold Excavation,,200,U,Near Mint,0.03,0.01,1,0.01,11,0,0.18,
4851377,Magic,Strixhaven: School of Mages,Lorehold Pledgemage,,201,C,Near Mint,0.03,,1,0.01,15,0,0.18,
4863235,Magic,Strixhaven: School of Mages,Maelstrom Muse,,202,U,Near Mint,0.02,0.01,1,0.01,5,0,0.18,
4875048,Magic,Strixhaven: School of Mages,Mage Duel,,137,C,Near Mint,0.02,0.01,1,0.01,17,0,0.18,
4875053,Magic,Strixhaven: School of Mages,Mage Duel,,137,C,Near Mint Foil,0.07,,1.01,0.01,1,0,0.18,
4856122,Magic,Strixhaven: School of Mages,Mage Hunter,,76,U,Near Mint,0.03,,1.01,0.02,9,0,0.18,
4877358,Magic,Strixhaven: School of Mages,Mage Hunters' Onslaught,,77,C,Near Mint,0.02,,1,0.01,13,0,0.18,
4852977,Magic,Strixhaven: School of Mages,Magma Opus,,203,M,Near Mint,4.51,4.75,4.38,3.39,2,0,4.74,
4855792,Magic,Strixhaven: School of Mages,Make Your Mark,,204,C,Near Mint,0.04,0.01,1,0.01,16,0,0.18,
4855797,Magic,Strixhaven: School of Mages,Make Your Mark,,204,C,Near Mint Foil,0.05,0.01,1,0.01,1,0,0.18,
4859701,Magic,Strixhaven: School of Mages,Manifestation Sage,,205,R,Near Mint,0.05,0.04,1,0.01,2,0,0.18,
4868443,Magic,Strixhaven: School of Mages,Mascot Exhibition,,5,M,Near Mint,0.28,0.25,1.16,0.17,2,0,0.25,
4867000,Magic,Strixhaven: School of Mages,Mascot Interception,,110,U,Near Mint,0.03,,1,0.01,8,0,0.18,
4855682,Magic,Strixhaven: School of Mages,Master Symmetrist,,138,U,Near Mint,0.04,,1,0.01,8,0,0.18,
4855687,Magic,Strixhaven: School of Mages,Master Symmetrist,,138,U,Near Mint Foil,0.06,,1.02,0.03,1,0,0.18,
4876148,Magic,Strixhaven: School of Mages,"Mavinda, Students' Advocate",,21,M,Near Mint,0.52,0.65,1.18,0.19,2,0,0.64,
4867220,Magic,Strixhaven: School of Mages,Mentor's Guidance,,46,U,Near Mint,0.04,0.01,1.02,0.03,5,0,0.18,
4870258,Magic,Strixhaven: School of Mages,Mercurial Transformation,,47,U,Near Mint,0.04,0.01,1,0.01,10,0,0.18,
4880198,Magic,Strixhaven: School of Mages,"Mila, Crafty Companion (Borderless)",,277,M,Near Mint,3.17,3.3,3.48,2.49,1,0,3.29,
4879418,Magic,Strixhaven: School of Mages,Moldering Karok,,206,C,Near Mint,0.02,,1,0.01,15,0,0.18,
4879423,Magic,Strixhaven: School of Mages,Moldering Karok,,206,C,Near Mint Foil,0.05,0.03,1.02,0.03,1,0,0.18,
4875378,Magic,Strixhaven: School of Mages,Mortality Spear,,207,U,Near Mint,0.17,,1.09,0.1,6,0,0.18,
4856822,Magic,Strixhaven: School of Mages,Multiple Choice,,48,R,Near Mint,0.12,,1.08,0.09,4,0,0.18,
4838486,Magic,Strixhaven: School of Mages,Necroblossom Snarl,,269,R,Near Mint,0.91,1,1.53,0.54,3,0,0.99,
4838491,Magic,Strixhaven: School of Mages,Necroblossom Snarl,,269,R,Near Mint Foil,0.86,1.48,1.68,0.69,1,0,1.47,
4869263,Magic,Strixhaven: School of Mages,Necrotic Fumes,,78,U,Near Mint,0.02,0.01,1,0.01,11,0,0.18,
4868833,Magic,Strixhaven: School of Mages,Needlethorn Drake,,208,C,Near Mint,0.02,,1,0.01,18,0,0.18,
4866890,Magic,Strixhaven: School of Mages,Novice Dissector,,79,C,Near Mint,0.02,,1,0.01,16,0,0.18,
4863125,Magic,Strixhaven: School of Mages,Oggyar Battle-Seer,,209,C,Near Mint,0.02,0.01,1,0.01,16,0,0.18,
4877688,Magic,Strixhaven: School of Mages,Oriq Loremage,,80,R,Near Mint,0.5,,1.38,0.39,2,0,0.39,
4871788,Magic,Strixhaven: School of Mages,Overgrown Arch,,139,U,Near Mint,0.05,,1.01,0.02,9,0,0.18,
4864465,Magic,Strixhaven: School of Mages,Owlin Shieldmage,,210,C,Near Mint,0.02,,1,0.01,17,0,0.18,
4864470,Magic,Strixhaven: School of Mages,Owlin Shieldmage,,210,C,Near Mint Foil,0.02,0.01,1.01,0.02,1,0,0.18,
4836686,Magic,Strixhaven: School of Mages,Pest Summoning,,211,C,Near Mint,0.06,0.02,1,0.01,17,0,0.18,
4899264,Magic,Strixhaven: School of Mages,Pest Token,,5,T,Near Mint,0.39,0.31,1.23,0.24,20,0,0.31,
4880708,Magic,Strixhaven: School of Mages,Pestilent Cauldron,,154,R,Near Mint,0.12,0.07,1.04,0.04,3,0,0.18,
4874328,Magic,Strixhaven: School of Mages,Pigment Storm,,111,C,Near Mint,0.02,0.01,1,0.01,17,0,0.18,
4866670,Magic,Strixhaven: School of Mages,Pilgrim of the Ages,,22,C,Near Mint,0.02,,1,0.01,15,0,0.18,
4872948,Magic,Strixhaven: School of Mages,Pillardrop Rescuer,,23,C,Near Mint,0.02,,1,0.01,17,0,0.18,
4871568,Magic,Strixhaven: School of Mages,Pillardrop Warden,,112,C,Near Mint,0.03,,1,0.01,15,0,0.18,
4871573,Magic,Strixhaven: School of Mages,Pillardrop Warden,,112,C,Near Mint Foil,0.02,,1,0.01,1,0,0.18,
4840536,Magic,Strixhaven: School of Mages,"Plargg, Dean of Chaos",,155,R,Near Mint,0.17,0.13,1.08,0.09,4,0,0.18,
4840541,Magic,Strixhaven: School of Mages,"Plargg, Dean of Chaos",,155,R,Near Mint Foil,0.23,0.22,1.14,0.15,1,0,0.22,
4877908,Magic,Strixhaven: School of Mages,Plumb the Forbidden,,81,U,Near Mint,1.77,1.97,2.14,1.15,5,0,1.96,
4874658,Magic,Strixhaven: School of Mages,Poet's Quill,,82,R,Near Mint,0.1,,1.04,0.05,2,0,0.18,
4836576,Magic,Strixhaven: School of Mages,Pop Quiz,,49,C,Near Mint,0.01,,1,0.01,19,0,0.18,
4857962,Magic,Strixhaven: School of Mages,Practical Research,,212,U,Near Mint,0.03,0.01,1,0.01,5,0,0.18,
4836466,Magic,Strixhaven: School of Mages,Prismari Apprentice,,213,U,Near Mint,0.03,0.01,1,0.01,9,0,0.18,
4857632,Magic,Strixhaven: School of Mages,Prismari Campus,,270,C,Near Mint,0.09,0.05,1.04,0.05,16,0,0.18,
4784648,Magic,Strixhaven: School of Mages,Prismari Command,,214,R,Near Mint,1.68,1.68,1.94,0.95,3,0,1.67,
4857742,Magic,Strixhaven: School of Mages,Prismari Pledgemage,,215,C,Near Mint,0.04,0.01,1,0.01,18,0,0.18,
4836356,Magic,Strixhaven: School of Mages,Professor of Symbology,,24,U,Near Mint,0.06,,1.02,0.03,5,0,0.18,
4872618,Magic,Strixhaven: School of Mages,Professor of Zoomancy,,140,C,Near Mint,0.03,0.01,1,0.01,15,0,0.18,
4873938,Magic,Strixhaven: School of Mages,Professor's Warning,,84,C,Near Mint,0.06,0.05,1.04,0.05,14,0,0.18,
4871128,Magic,Strixhaven: School of Mages,Promising Duskmage,,85,C,Near Mint,0.02,0.01,1,0.01,15,0,0.18,
4871133,Magic,Strixhaven: School of Mages,Promising Duskmage,,85,C,Near Mint Foil,0.01,0.01,1,0.01,1,0,0.18,
4836246,Magic,Strixhaven: School of Mages,Quandrix Apprentice,,216,U,Near Mint,0.07,,1.04,0.05,6,0,0.18,
4858812,Magic,Strixhaven: School of Mages,Quandrix Campus,,271,C,Near Mint,0.1,0.05,1.04,0.05,17,0,0.18,
4784758,Magic,Strixhaven: School of Mages,Quandrix Command,,217,R,Near Mint,0.25,0.23,1.19,0.19,3,0,0.23,
4866225,Magic,Strixhaven: School of Mages,Quandrix Cultivator,,218,U,Near Mint,0.05,,1.04,0.05,7,0,0.18,
4859481,Magic,Strixhaven: School of Mages,Quandrix Pledgemage,,219,C,Near Mint,0.02,0.01,1,0.01,15,0,0.18,
4851047,Magic,Strixhaven: School of Mages,"Quintorius, Field Historian",,220,U,Near Mint,0.08,0.01,1.04,0.05,11,0,0.18,
4850827,Magic,Strixhaven: School of Mages,Radiant Scrollwielder,,221,R,Near Mint,0.15,,1.09,0.1,3,0,0.18,
4875158,Magic,Strixhaven: School of Mages,Reckless Amplimancer,,141,C,Near Mint,0.02,,1,0.01,14,0,0.18,
4848997,Magic,Strixhaven: School of Mages,Reconstruct History,,222,U,Near Mint,0.13,0.1,1.09,0.1,8,0,0.18,
4852207,Magic,Strixhaven: School of Mages,Reduce to Memory,,25,U,Near Mint,0.03,,1.01,0.02,5,0,0.18,
4870478,Magic,Strixhaven: School of Mages,Reflective Golem,,257,U,Near Mint,0.02,0.01,1,0.01,5,0,0.18,
4870483,Magic,Strixhaven: School of Mages,Reflective Golem,,257,U,Near Mint Foil,0.01,0.01,1,0.01,1,0,0.18,
4871238,Magic,Strixhaven: School of Mages,Reject,,50,C,Near Mint,0.03,0.01,1,0.01,15,0,0.18,
4853347,Magic,Strixhaven: School of Mages,Relic Sloth,,223,C,Near Mint,0.03,0.01,1,0.01,15,0,0.18,
4853352,Magic,Strixhaven: School of Mages,Relic Sloth,,223,C,Near Mint Foil,0.02,0.01,1,0.01,1,0,0.18,
4857302,Magic,Strixhaven: School of Mages,Resculpt,,51,C,Near Mint,0.21,,1.14,0.15,16,0,0.18,
4877248,Magic,Strixhaven: School of Mages,Retriever Phoenix,,113,R,Near Mint,0.05,0.04,1,0.01,3,0,0.18,
4850717,Magic,Strixhaven: School of Mages,Returned Pastcaller,,224,U,Near Mint,0.04,0.01,1,0.01,8,0,0.18,
4855902,Magic,Strixhaven: School of Mages,Rip Apart,,225,U,Near Mint,0.13,,1.1,0.11,5,0,0.18,
4847657,Magic,Strixhaven: School of Mages,Rise of Extus,,226,C,Near Mint,0.01,,1,0.01,15,0,0.18,
4858072,Magic,Strixhaven: School of Mages,"Rootha, Mercurial Artist",,227,U,Near Mint,0.04,0.03,1.02,0.03,8,0,0.18,
4839036,Magic,Strixhaven: School of Mages,"Rowan, Scholar of Sparks",,156,M,Near Mint,1.65,2.18,1.98,0.99,1,0,2.17,
4879528,Magic,Strixhaven: School of Mages,Rushed Rebirth,,228,R,Near Mint,0.27,,1.2,0.21,4,0,0.21,
4873388,Magic,Strixhaven: School of Mages,Scurrid Colony,,142,C,Near Mint,0.05,0.01,1,0.01,19,0,0.18,
4867775,Magic,Strixhaven: School of Mages,Secret Rendezvous,,26,U,Near Mint,0.35,,1.29,0.3,7,0,0.3,
4867780,Magic,Strixhaven: School of Mages,Secret Rendezvous,,26,U,Near Mint Foil,0.43,,1.37,0.37,1,0,0.38,
4873278,Magic,Strixhaven: School of Mages,Sedgemoor Witch,,86,R,Near Mint,1.31,1.98,1.35,0.36,1,0,1.97,
4879978,Magic,Strixhaven: School of Mages,Selfless Glyphweaver,,157,R,Near Mint,0.11,,1.09,0.1,2,0,0.18,
4850607,Magic,Strixhaven: School of Mages,Semester's End,,27,R,Near Mint,0.24,0.23,1.14,0.14,3,0,0.23,
4864795,Magic,Strixhaven: School of Mages,Serpentine Curve,,52,C,Near Mint,0.05,,1.02,0.03,16,0,0.18,
4879638,Magic,Strixhaven: School of Mages,Shadewing Laureate,,229,U,Near Mint,0.05,0.01,1.01,0.02,5,0,0.18,
4839361,Magic,Strixhaven: School of Mages,Shadrix Silverquill,,230,M,Near Mint,2.9,2.99,2.99,2,1,0,2.98,
4839476,Magic,Strixhaven: School of Mages,Shadrix Silverquill (Borderless),,280,M,Near Mint,4.41,5.2,4.15,3.05,1,0,5.19,
4840986,Magic,Strixhaven: School of Mages,"Shaile, Dean of Radiance",,158,R,Near Mint,0.14,0.1,1.09,0.1,3,0,0.18,
4838646,Magic,Strixhaven: School of Mages,Shineshadow Snarl,,272,R,Near Mint,0.25,0.26,1.19,0.2,2,0,0.26,
4838651,Magic,Strixhaven: School of Mages,Shineshadow Snarl,,272,R,Near Mint Foil,0.63,0.48,1.27,0.28,1,0,0.48,
4864685,Magic,Strixhaven: School of Mages,Show of Confidence,,28,U,Near Mint,0.12,,1.09,0.1,5,0,0.18,
4836136,Magic,Strixhaven: School of Mages,Silverquill Apprentice,,231,U,Near Mint,0.03,,1,0.01,8,0,0.18,
4836141,Magic,Strixhaven: School of Mages,Silverquill Apprentice,,231,U,Near Mint Foil,0.07,,1,0.01,1,0,0.18,
4875708,Magic,Strixhaven: School of Mages,Silverquill Campus,,273,C,Near Mint,0.07,,1.03,0.04,15,0,0.18,
4784427,Magic,Strixhaven: School of Mages,Silverquill Command,,232,R,Near Mint,0.1,0.07,1.03,0.04,2,0,0.18,
4879748,Magic,Strixhaven: School of Mages,Silverquill Pledgemage,,233,C,Near Mint,0.03,,1,0.01,18,0,0.18,
4870908,Magic,Strixhaven: School of Mages,Silverquill Silencer,,234,R,Near Mint,0.07,0.04,1.02,0.02,2,0,0.18,
4876588,Magic,Strixhaven: School of Mages,Snow Day,,53,U,Near Mint,0.05,,1,0.01,10,0,0.18,
4856012,Magic,Strixhaven: School of Mages,Solve the Equation,,54,U,Near Mint,1.51,1.74,2.09,1.1,6,0,1.73,
4866450,Magic,Strixhaven: School of Mages,Soothsayer Adept,,55,C,Near Mint,0.02,0.01,1,0.01,18,0,0.18,
4852757,Magic,Strixhaven: School of Mages,Sparring Regimen,,29,R,Near Mint,0.12,0.07,1.03,0.04,2,0,0.18,
4857852,Magic,Strixhaven: School of Mages,Spectacle Mage,,235,C,Near Mint,0.02,,1,0.01,17,0,0.18,
4878018,Magic,Strixhaven: School of Mages,Specter of the Fens,,87,C,Near Mint,0.04,0.01,1,0.01,19,0,0.18,
4876698,Magic,Strixhaven: School of Mages,Spell Satchel,,258,U,Near Mint,0.06,,1.01,0.02,10,0,0.18,
4871898,Magic,Strixhaven: School of Mages,Spined Karok,,143,C,Near Mint,0.02,,1,0.01,15,0,0.18,
4871903,Magic,Strixhaven: School of Mages,Spined Karok,,143,C,Near Mint Foil,0.02,0.01,1,0.01,1,0,0.18,
4849277,Magic,Strixhaven: School of Mages,Spirit Summoning,,236,C,Near Mint,0.02,0.01,1,0.01,18,0,0.18,
4899324,Magic,Strixhaven: School of Mages,Spirit Token,,6,T,Near Mint,0.08,0.05,1.04,0.05,22,0,0.18,
4871018,Magic,Strixhaven: School of Mages,Spiteful Squad,,237,C,Near Mint,0.02,0.01,1,0.01,15,0,0.18,
4875268,Magic,Strixhaven: School of Mages,Springmane Cervin,,144,C,Near Mint,0.02,,1,0.01,18,0,0.18,
4867445,Magic,Strixhaven: School of Mages,Square Up,,238,C,Near Mint,0.02,,1,0.01,15,0,0.18,
4855352,Magic,Strixhaven: School of Mages,Star Pupil,,30,C,Near Mint,0.03,0.01,1,0.01,17,0,0.18,
4865455,Magic,Strixhaven: School of Mages,Start from Scratch,,114,U,Near Mint,0.04,0.01,1,0.01,6,0,0.18,
4856382,Magic,Strixhaven: School of Mages,Stonebinder's Familiar,,31,U,Near Mint,0.02,0.01,1,0.01,8,0,0.18,
4850497,Magic,Strixhaven: School of Mages,Stonebound Mentor,,239,C,Near Mint,0.05,,1,0.01,15,0,0.18,
4876478,Magic,Strixhaven: School of Mages,Stonerise Spirit,,32,C,Near Mint,0.02,0.01,1,0.01,19,0,0.18,
4836026,Magic,Strixhaven: School of Mages,Storm-Kiln Artist,,115,U,Near Mint,0.81,,1.73,0.74,5,0,0.73,
4851927,Magic,Strixhaven: School of Mages,Strict Proctor,,33,R,Near Mint,1.35,,1.98,0.99,2,0,0.98,
4860031,Magic,Strixhaven: School of Mages,Strixhaven Stadium,,259,R,Near Mint,0.72,0.79,1.28,0.29,2,0,0.78,
4860036,Magic,Strixhaven: School of Mages,Strixhaven Stadium,,259,R,Near Mint Foil,0.81,0.8,1.56,0.57,1,0,0.79,
4847207,Magic,Strixhaven: School of Mages,Study Break,,34,C,Near Mint,0.03,0.01,1,0.01,15,0,0.18,
4847212,Magic,Strixhaven: School of Mages,Study Break,,34,C,Near Mint Foil,0.04,0.03,1,0.01,1,0,0.18,
4857192,Magic,Strixhaven: School of Mages,Sudden Breakthrough,,116,C,Near Mint,0.13,,1.09,0.1,15,0,0.18,
4857197,Magic,Strixhaven: School of Mages,Sudden Breakthrough,,116,C,Near Mint Foil,0.16,,1.14,0.14,1,0,0.18,
4869593,Magic,Strixhaven: School of Mages,Symmetry Sage,,56,U,Near Mint,0.04,0.01,1,0.01,5,0,0.18,
4856492,Magic,Strixhaven: School of Mages,Tanazir Quandrix,,240,M,Near Mint,1.26,1.45,1.49,0.5,1,0,1.44,
4856602,Magic,Strixhaven: School of Mages,Tanazir Quandrix (Borderless),,284,M,Near Mint,1.89,1.98,1.49,0.5,1,0,1.97,
4876918,Magic,Strixhaven: School of Mages,Tangletrap,,145,C,Near Mint,0.02,,1,0.01,14,0,0.18,
4876923,Magic,Strixhaven: School of Mages,Tangletrap,,145,C,Near Mint Foil,0.04,,1.02,0.03,1,0,0.18,
4859921,Magic,Strixhaven: School of Mages,Teach by Example,,241,C,Near Mint,0.05,0.04,1.04,0.05,14,0,0.18,
4859926,Magic,Strixhaven: School of Mages,Teach by Example,,241,C,Near Mint Foil,0.18,,1.07,0.08,1,0,0.18,
4858592,Magic,Strixhaven: School of Mages,Teachings of the Archaics,,57,R,Near Mint,0.06,0.05,1.02,0.03,3,0,0.18,
4867665,Magic,Strixhaven: School of Mages,Team Pennant,,260,U,Near Mint,0.06,,1.02,0.03,8,0,0.18,
4871678,Magic,Strixhaven: School of Mages,Tempted by the Oriq,,58,R,Near Mint,0.07,,1.04,0.05,2,0,0.18,
4871458,Magic,Strixhaven: School of Mages,Tend the Pests,,242,U,Near Mint,0.21,,1.11,0.12,5,0,0.18,
4859257,Magic,Strixhaven: School of Mages,Tenured Inkcaster,,88,U,Near Mint,0.04,0.02,1.01,0.02,9,0,0.18,
4870033,Magic,Strixhaven: School of Mages,Test of Talents,,59,U,Near Mint,0.13,,1.02,0.03,8,0,0.18,
4870038,Magic,Strixhaven: School of Mages,Test of Talents,,59,U,Near Mint Foil,0.58,0.2,1.19,0.2,1,0,0.2,
4875598,Magic,Strixhaven: School of Mages,The Biblioplex,,264,R,Near Mint,0.13,0.05,1.02,0.03,1,0,0.18,
4852427,Magic,Strixhaven: School of Mages,Thrilling Discovery,,243,C,Near Mint,0.18,0.11,1.1,0.11,17,0,0.18,
4850387,Magic,Strixhaven: School of Mages,Thunderous Orator,,35,U,Near Mint,0.05,,1.03,0.04,5,0,0.18,
4866560,Magic,Strixhaven: School of Mages,Tome Shredder,,117,C,Near Mint,0.03,,1,0.01,18,0,0.18,
4840426,Magic,Strixhaven: School of Mages,Torrent Sculptor,,159,R,Near Mint,0.05,,1.03,0.04,2,0,0.18,
4840431,Magic,Strixhaven: School of Mages,Torrent Sculptor,,159,R,Near Mint Foil,0.12,,1.06,0.07,1,0,0.18,
4913554,Magic,Strixhaven: School of Mages,Treasure Token,,7,T,Near Mint,0.13,0.11,1.1,0.11,17,0,0.18,
4877578,Magic,Strixhaven: School of Mages,Twinscroll Shaman,,118,C,Near Mint,0.02,0.01,1,0.01,19,0,0.18,
4868105,Magic,Strixhaven: School of Mages,Umbral Juke,,89,U,Near Mint,0.02,0.01,1,0.01,5,0,0.18,
4874048,Magic,Strixhaven: School of Mages,Unwilling Ingredient,,90,C,Near Mint,0.01,0.01,1,0.01,15,0,0.18,
4840656,Magic,Strixhaven: School of Mages,"Uvilda, Dean of Perfection",,160,R,Near Mint,0.11,,1.03,0.04,2,0,0.18,
4840766,Magic,Strixhaven: School of Mages,"Valentin, Dean of the Vein",,161,R,Near Mint,0.38,0.36,1.22,0.23,1,0,0.36,
4840771,Magic,Strixhaven: School of Mages,"Valentin, Dean of the Vein",,161,R,Near Mint Foil,0.41,,1.26,0.27,1,0,0.27,
4869703,Magic,Strixhaven: School of Mages,Vanishing Verse,,244,R,Near Mint,0.79,1.1,1.49,0.5,4,0,1.09,
4854762,Magic,Strixhaven: School of Mages,Velomachus Lorehold (Borderless),,283,M,Near Mint,1.7,1.92,2,1,1,0,1.91,
4849617,Magic,Strixhaven: School of Mages,Venerable Warsinger,,246,R,Near Mint,0.14,,1.07,0.08,4,0,0.18,
4859142,Magic,Strixhaven: School of Mages,Verdant Mastery,,146,R,Near Mint,0.13,,1.1,0.1,3,0,0.18,
4838816,Magic,Strixhaven: School of Mages,Vineglimmer Snarl,,274,R,Near Mint,0.39,0.25,1.24,0.25,3,0,0.25,
4877028,Magic,Strixhaven: School of Mages,Vortex Runner,,60,C,Near Mint,0.02,0.01,1,0.01,17,0,0.18,
4877033,Magic,Strixhaven: School of Mages,Vortex Runner,,60,C,Near Mint Foil,0.02,0.01,1,0.01,1,0,0.18,
4856232,Magic,Strixhaven: School of Mages,Wandering Archaic,,6,R,Near Mint,6.51,7.74,5.82,5.82,2,0,7.73,
4839986,Magic,Strixhaven: School of Mages,Waterfall Aerialist,,61,C,Near Mint,0.02,0.01,1,0.01,15,0,0.18,
4839991,Magic,Strixhaven: School of Mages,Waterfall Aerialist,,61,C,Near Mint Foil,0.05,0.01,1,0.01,1,0,0.18,
4835916,Magic,Strixhaven: School of Mages,Witherbloom Apprentice,,247,U,Near Mint,0.25,0.24,1.19,0.2,6,0,0.24,
4872838,Magic,Strixhaven: School of Mages,Witherbloom Campus,,275,C,Near Mint,0.14,0.08,1.07,0.08,14,0,0.18,
4873058,Magic,Strixhaven: School of Mages,Witherbloom Pledgemage,,249,C,Near Mint,0.04,,1,0.01,18,0,0.18,
4873063,Magic,Strixhaven: School of Mages,Witherbloom Pledgemage,,249,C,Near Mint Foil,0.07,0.01,1,0.01,1,0,0.18,
4877468,Magic,Strixhaven: School of Mages,Wormhole Serpent,,62,U,Near Mint,0.03,0.01,1,0.01,5,0,0.18,
4874768,Magic,Strixhaven: School of Mages,Zephyr Boots,,261,U,Near Mint,0.2,0.19,1.18,0.19,5,0,0.19,
4859591,Magic,Strixhaven: School of Mages,"Zimone, Quandrix Prodigy",,250,U,Near Mint,0.12,0.05,1.08,0.09,4,0,0.18,