title,edition,foil,quantity
Acquisition Octopus,Kamigawa: Neon Dynasty,no,10
Acquisition Octopus,Kamigawa: Neon Dynasty,yes,1
Akki Ember-Keeper,Kamigawa: Neon Dynasty,no,15
Akki Ember-Keeper,Kamigawa: Neon Dynasty,yes,2
Akki Ronin,Kamigawa: Neon Dynasty,no,10
Akki Ronin (Showcase),Kamigawa: Neon Dynasty Variants,no,11
Akki Ronin (Showcase),Kamigawa: Neon Dynasty Variants,yes,1
Akki War Paint,Kamigawa: Neon Dynasty,no,14
Akki War Paint,Kamigawa: Neon Dynasty,yes,1
Ambitious Assault,Kamigawa: Neon Dynasty,no,10
Ambitious Assault,Kamigawa: Neon Dynasty,yes,4
Ancestral Katana,Kamigawa: Neon Dynasty,no,15
Anchor to Reality,Kamigawa: Neon Dynasty,no,6
"Ao, the Dawn Sky",Kamigawa: Neon Dynasty,no,0
"Ao, the Dawn Sky (Borderless)",Kamigawa: Neon Dynasty Variants,no,0
Armguard Familiar,Kamigawa: Neon Dynasty,no,17
Armguard Familiar,Kamigawa: Neon Dynasty,yes,1
Asari Captain,Kamigawa: Neon Dynasty,no,7
Asari Captain,Kamigawa: Neon Dynasty,yes,1
Asari Captain (Showcase),Kamigawa: Neon Dynasty Variants,no,5
Asari Captain (Showcase),Kamigawa: Neon Dynasty Variants,yes,1
Assassin's Ink,Kamigawa: Neon Dynasty,no,6
"Atsushi, the Blazing Sky",Kamigawa: Neon Dynasty,no,0
"Atsushi, the Blazing Sky (Borderless)",Kamigawa: Neon Dynasty Variants,no,0
Automated Artificer,Kamigawa: Neon Dynasty,no,13
Automated Artificer,Kamigawa: Neon Dynasty,yes,1
Awakened Awareness,Kamigawa: Neon Dynasty,no,13
Awakened Awareness,Kamigawa: Neon Dynasty,yes,2
Azusa's Many Journeys,Kamigawa: Neon Dynasty,no,10
Bamboo Grove Archer,Kamigawa: Neon Dynasty,no,13
Bamboo Grove Archer,Kamigawa: Neon Dynasty,yes,2
Banishing Slash,Kamigawa: Neon Dynasty,no,5
Bearer of Memory,Kamigawa: Neon Dynasty,no,22
Bearer of Memory,Kamigawa: Neon Dynasty,yes,3
Befriending the Moths,Kamigawa: Neon Dynasty,no,19
Befriending the Moths,Kamigawa: Neon Dynasty,yes,1
Behold the Unspeakable,Kamigawa: Neon Dynasty,no,15
Behold the Unspeakable,Kamigawa: Neon Dynasty,yes,2
Biting-Palm Ninja,Kamigawa: Neon Dynasty,no,1
Biting-Palm Ninja,Kamigawa: Neon Dynasty,yes,0
Biting-Palm Ninja (Extended Art),Kamigawa: Neon Dynasty Variants,no,0
Blade-Blizzard Kitsune,Kamigawa: Neon Dynasty,no,17
Blade-Blizzard Kitsune,Kamigawa: Neon Dynasty,yes,1
Blade-Blizzard Kitsune (Showcase),Kamigawa: Neon Dynasty Variants,no,6
Blade-Blizzard Kitsune (Showcase),Kamigawa: Neon Dynasty Variants,yes,1
Blade of the Oni,Kamigawa: Neon Dynasty,yes,0
Blade of the Oni (Showcase),Kamigawa: Neon Dynasty Variants,no,0
Blade of the Oni (Showcase),Kamigawa: Neon Dynasty Variants,yes,0
Bloodfell Caves,Kamigawa: Neon Dynasty,no,10
Bloodfell Caves,Kamigawa: Neon Dynasty,yes,0
Blossom Prancer,Kamigawa: Neon Dynasty,no,2
Blossoming Sands,Kamigawa: Neon Dynasty,no,14
Blossoming Sands,Kamigawa: Neon Dynasty,yes,1
Boon of Boseiju,Kamigawa: Neon Dynasty,no,6
Born to Drive,Kamigawa: Neon Dynasty,no,5
Born to Drive,Kamigawa: Neon Dynasty,yes,1
Boseiju Reaches Skyward,Kamigawa: Neon Dynasty,no,13
Boseiju Reaches Skyward,Kamigawa: Neon Dynasty,yes,3
"Boseiju, Who Endures",Kamigawa: Neon Dynasty,no,0
"Boseiju, Who Endures (Borderless)",Kamigawa: Neon Dynasty Variants,no,0
Brilliant Restoration,Kamigawa: Neon Dynasty,no,0
Brilliant Restoration,Kamigawa: Neon Dynasty,yes,0
Brilliant Restoration (Extended Art),Kamigawa: Neon Dynasty Variants,yes,0
Bronze Cudgels,Kamigawa: Neon Dynasty,no,14
Bronzeplate Boar,Kamigawa: Neon Dynasty,no,13
Bronzeplate Boar,Kamigawa: Neon Dynasty,yes,1
Brute Suit,Kamigawa: Neon Dynasty,no,65
Brute Suit,Kamigawa: Neon Dynasty,yes,3
Careful Cultivation,Kamigawa: Neon Dynasty,no,14
Careful Cultivation,Kamigawa: Neon Dynasty,yes,4
Chainflail Centipede,Kamigawa: Neon Dynasty,no,16
Circuit Mender,Kamigawa: Neon Dynasty,no,0
Circuit Mender,Kamigawa: Neon Dynasty,yes,0
Clawing Torment,Kamigawa: Neon Dynasty,no,9
Clawing Torment,Kamigawa: Neon Dynasty,yes,0
Cloudsteel Kirin,Kamigawa: Neon Dynasty,no,0
Coiling Stalker,Kamigawa: Neon Dynasty,no,11
Coiling Stalker,Kamigawa: Neon Dynasty,yes,1
Coiling Stalker (Showcase),Kamigawa: Neon Dynasty Variants,no,12
Coiling Stalker (Showcase),Kamigawa: Neon Dynasty Variants,yes,3
Colossal Skyturtle,Kamigawa: Neon Dynasty,no,0
Commune with Spirits,Kamigawa: Neon Dynasty,no,9
Construct Token (006),Kamigawa: Neon Dynasty Variants,no,5
Construct Token (015),Kamigawa: Neon Dynasty Variants,no,6
Containment Construct,Kamigawa: Neon Dynasty,no,0
Containment Construct,Kamigawa: Neon Dynasty,yes,0
Covert Technician,Kamigawa: Neon Dynasty,no,9
Covert Technician,Kamigawa: Neon Dynasty,yes,1
Covert Technician (Showcase),Kamigawa: Neon Dynasty Variants,no,6
Crackling Emergence,Kamigawa: Neon Dynasty,no,18
Crackling Emergence,Kamigawa: Neon Dynasty,yes,2
Debt to the Kami,Kamigawa: Neon Dynasty,no,8
Debt to the Kami,Kamigawa: Neon Dynasty,yes,1
Discover the Impossible,Kamigawa: Neon Dynasty,no,6
Discover the Impossible,Kamigawa: Neon Dynasty,yes,1
Dismal Backwater,Kamigawa: Neon Dynasty,no,3
Dismal Backwater,Kamigawa: Neon Dynasty,yes,3
Disruption Protocol,Kamigawa: Neon Dynasty,no,10
Disruption Protocol,Kamigawa: Neon Dynasty,yes,1
Dockside Chef,Kamigawa: Neon Dynasty,no,0
Dockside Chef,Kamigawa: Neon Dynasty,yes,0
Dokuchi Shadow-Walker,Kamigawa: Neon Dynasty,no,14
Dokuchi Shadow-Walker,Kamigawa: Neon Dynasty,yes,1
Dokuchi Shadow-Walker (Showcase),Kamigawa: Neon Dynasty Variants,no,19
Dokuchi Silencer,Kamigawa: Neon Dynasty,no,13
Dokuchi Silencer,Kamigawa: Neon Dynasty,yes,0
Dokuchi Silencer (Showcase),Kamigawa: Neon Dynasty Variants,no,6
Dragon Spirit Token,Kamigawa: Neon Dynasty,no,0
Dragonfly Suit,Kamigawa: Neon Dynasty,no,10
Dragonspark Reactor,Kamigawa: Neon Dynasty,no,8
Dragonspark Reactor,Kamigawa: Neon Dynasty,yes,0
Dramatist's Puppet,Kamigawa: Neon Dynasty,no,16
Eater of Virtue,Kamigawa: Neon Dynasty,no,0
Eater of Virtue,Kamigawa: Neon Dynasty,yes,0
Ecologist's Terrarium,Kamigawa: Neon Dynasty,no,15
Eiganjo Exemplar,Kamigawa: Neon Dynasty,no,8
Eiganjo Exemplar,Kamigawa: Neon Dynasty,yes,2
Eiganjo Exemplar (Showcase),Kamigawa: Neon Dynasty Variants,no,16
Eiganjo Exemplar (Showcase),Kamigawa: Neon Dynasty Variants,yes,3
"Eiganjo, Seat of the Empire",Kamigawa: Neon Dynasty,no,0
"Eiganjo, Seat of the Empire",Kamigawa: Neon Dynasty,yes,0
"Eiganjo, Seat of the Empire (Borderless)",Kamigawa: Neon Dynasty Variants,no,0
"Eiganjo, Seat of the Empire (Borderless)",Kamigawa: Neon Dynasty Variants,yes,0
Eiganjo Uprising,Kamigawa: Neon Dynasty,no,3
Eiganjo Uprising (Extended Art),Kamigawa: Neon Dynasty Variants,no,0
Eiganjo Uprising (Showcase),Kamigawa: Neon Dynasty Variants,no,0
Emblem - Kaito Shizuki,Kamigawa: Neon Dynasty,no,0
"Emblem - Tezzeret, Betrayer of Flesh",Kamigawa: Neon Dynasty,no,0
Enormous Energy Blade,Kamigawa: Neon Dynasty,no,10
Enormous Energy Blade,Kamigawa: Neon Dynasty,yes,0
Enthusiastic Mechanaut,Kamigawa: Neon Dynasty,no,0
Era of Enlightenment,Kamigawa: Neon Dynasty,no,11
Era of Enlightenment,Kamigawa: Neon Dynasty,yes,3
Essence Capture,Kamigawa: Neon Dynasty,no,5
Experimental Synthesizer,Kamigawa: Neon Dynasty,no,0
Experimental Synthesizer,Kamigawa: Neon Dynasty,yes,0
Explosive Entry,Kamigawa: Neon Dynasty,no,12
Explosive Entry,Kamigawa: Neon Dynasty,yes,1
Explosive Singularity (Extended Art),Kamigawa: Neon Dynasty Variants,no,0
Fable of the Mirror-Breaker,Kamigawa: Neon Dynasty,no,0
Fable of the Mirror-Breaker (Showcase),Kamigawa: Neon Dynasty Variants,no,0
Fade into Antiquity,Kamigawa: Neon Dynasty,no,17
Fade into Antiquity,Kamigawa: Neon Dynasty,yes,2
Fang of Shigeki,Kamigawa: Neon Dynasty,no,9
Fang of Shigeki (Showcase),Kamigawa: Neon Dynasty Variants,no,13
Fang of Shigeki (Showcase),Kamigawa: Neon Dynasty Variants,yes,1
Farewell,Kamigawa: Neon Dynasty,no,0
Farewell (Extended Art),Kamigawa: Neon Dynasty Variants,no,0
Farewell (Showcase),Kamigawa: Neon Dynasty Variants,no,0
Favor of Jukai,Kamigawa: Neon Dynasty,no,16
Flame Discharge,Kamigawa: Neon Dynasty,no,7
Flame Discharge,Kamigawa: Neon Dynasty,yes,2
Forest (291),Kamigawa: Neon Dynasty Variants,no,0
Forest (291),Kamigawa: Neon Dynasty Variants,yes,0
Forest (292),Kamigawa: Neon Dynasty Variants,no,26
Forest (292),Kamigawa: Neon Dynasty Variants,yes,0
Forest (301) - JP Full Art,Kamigawa: Neon Dynasty Variants,no,0
Forest (301) - JP Full Art,Kamigawa: Neon Dynasty Variants,yes,0
Forest (302) - JP Full Art,Kamigawa: Neon Dynasty Variants,no,0
Forest (302) - JP Full Art,Kamigawa: Neon Dynasty Variants,yes,0
Futurist Operative,Kamigawa: Neon Dynasty,no,18
Futurist Operative (Showcase),Kamigawa: Neon Dynasty Variants,no,8
Futurist Operative (Showcase),Kamigawa: Neon Dynasty Variants,yes,0
Futurist Sentinel,Kamigawa: Neon Dynasty,no,22
Futurist Sentinel,Kamigawa: Neon Dynasty,yes,4
Generous Visitor,Kamigawa: Neon Dynasty,no,6
Geothermal Kami,Kamigawa: Neon Dynasty,no,17
Geothermal Kami,Kamigawa: Neon Dynasty,yes,2
Gift of Wrath,Kamigawa: Neon Dynasty,no,19
Gloomshrieker,Kamigawa: Neon Dynasty,no,13
Gloomshrieker,Kamigawa: Neon Dynasty,yes,2
Go-Shintai of Ancient Wars,Kamigawa: Neon Dynasty,no,7
Go-Shintai of Boundless Vigor,Kamigawa: Neon Dynasty,no,7
Go-Shintai of Boundless Vigor,Kamigawa: Neon Dynasty,yes,0
Go-Shintai of Hidden Cruelty,Kamigawa: Neon Dynasty,no,4
Go-Shintai of Hidden Cruelty,Kamigawa: Neon Dynasty,yes,2
Go-Shintai of Lost Wisdom,Kamigawa: Neon Dynasty,no,4
Go-Shintai of Lost Wisdom,Kamigawa: Neon Dynasty,yes,0
Go-Shintai of Shared Purpose,Kamigawa: Neon Dynasty,no,6
Goblin Shaman Token,Kamigawa: Neon Dynasty,no,0
Golden-Tail Disciple,Kamigawa: Neon Dynasty,no,10
Golden-Tail Disciple,Kamigawa: Neon Dynasty,yes,0
Grafted Growth,Kamigawa: Neon Dynasty,no,15
Gravelighter,Kamigawa: Neon Dynasty,no,0
Gravelighter,Kamigawa: Neon Dynasty,yes,0
"Greasefang, Okiba Boss",Kamigawa: Neon Dynasty,no,1
"Greasefang, Okiba Boss (Showcase)",Kamigawa: Neon Dynasty Variants,yes,0
Greater Tanuki,Kamigawa: Neon Dynasty,no,6
Greater Tanuki,Kamigawa: Neon Dynasty,yes,0
Guardians of Oboro,Kamigawa: Neon Dynasty,no,12
Guardians of Oboro,Kamigawa: Neon Dynasty,yes,1
Guardians of Oboro (Showcase),Kamigawa: Neon Dynasty Variants,no,18
Harmonious Emergence,Kamigawa: Neon Dynasty,no,16
Harmonious Emergence,Kamigawa: Neon Dynasty,yes,1
"Heiko Yamazaki, the General",Kamigawa: Neon Dynasty,no,4
"Heiko Yamazaki, the General",Kamigawa: Neon Dynasty,yes,0
"Heiko Yamazaki, the General (Showcase)",Kamigawa: Neon Dynasty Variants,no,6
Heir of the Ancient Fang,Kamigawa: Neon Dynasty,no,16
Heir of the Ancient Fang (Showcase),Kamigawa: Neon Dynasty Variants,no,12
Heir of the Ancient Fang (Showcase),Kamigawa: Neon Dynasty Variants,yes,3
Hidetsugu Consumes All,Kamigawa: Neon Dynasty,no,0
Hidetsugu Consumes All (Extended Art),Kamigawa: Neon Dynasty Variants,no,0
Hidetsugu Consumes All (Showcase),Kamigawa: Neon Dynasty Variants,no,0
"Hidetsugu, Devouring Chaos",Kamigawa: Neon Dynasty,no,4
"Hidetsugu, Devouring Chaos",Kamigawa: Neon Dynasty,yes,1
High-Speed Hoverbike,Kamigawa: Neon Dynasty,no,6
"Hinata, Dawn-Crowned",Kamigawa: Neon Dynasty,no,1
"Hinata, Dawn-Crowned (Showcase)",Kamigawa: Neon Dynasty Variants,no,0
Historian's Wisdom,Kamigawa: Neon Dynasty,no,12
Historian's Wisdom,Kamigawa: Neon Dynasty,yes,4
Hotshot Mechanic,Kamigawa: Neon Dynasty,no,11
Human Monk Token,Kamigawa: Neon Dynasty,no,3
Imperial Oath,Kamigawa: Neon Dynasty,no,17
Imperial Oath,Kamigawa: Neon Dynasty,yes,0
Imperial Recovery Unit,Kamigawa: Neon Dynasty,no,7
Imperial Recovery Unit,Kamigawa: Neon Dynasty,yes,0
Imperial Subduer,Kamigawa: Neon Dynasty,no,16
Imperial Subduer,Kamigawa: Neon Dynasty,yes,1
Imperial Subduer (Showcase),Kamigawa: Neon Dynasty Variants,no,16
Imperial Subduer (Showcase),Kamigawa: Neon Dynasty Variants,yes,2
Inkrise Infiltrator,Kamigawa: Neon Dynasty,no,14
Inkrise Infiltrator,Kamigawa: Neon Dynasty,yes,5
Inkrise Infiltrator (Showcase),Kamigawa: Neon Dynasty Variants,no,11
Inkrise Infiltrator (Showcase),Kamigawa: Neon Dynasty Variants,yes,2
Intercessor's Arrest,Kamigawa: Neon Dynasty,no,11
Intercessor's Arrest,Kamigawa: Neon Dynasty,yes,1
Inventive Iteration,Kamigawa: Neon Dynasty,no,5
Invigorating Hot Spring,Kamigawa: Neon Dynasty,no,0
Invoke Calamity,Kamigawa: Neon Dynasty,no,2
Invoke Calamity (Extended Art),Kamigawa: Neon Dynasty Variants,no,0
Invoke Calamity (Showcase),Kamigawa: Neon Dynasty Variants,yes,0
Invoke Despair,Kamigawa: Neon Dynasty,no,1
Invoke Despair,Kamigawa: Neon Dynasty,yes,0
Invoke Despair (Showcase),Kamigawa: Neon Dynasty Variants,no,0
Invoke Justice,Kamigawa: Neon Dynasty,no,1
Invoke Justice (Showcase),Kamigawa: Neon Dynasty Variants,no,0
Invoke the Ancients,Kamigawa: Neon Dynasty,no,4
Invoke the Winds,Kamigawa: Neon Dynasty,no,1
Invoke the Winds,Kamigawa: Neon Dynasty,yes,0
Invoke the Winds (Showcase),Kamigawa: Neon Dynasty Variants,no,0
Iron Apprentice,Kamigawa: Neon Dynasty,no,12
Iron Apprentice,Kamigawa: Neon Dynasty,yes,0
Ironhoof Boar,Kamigawa: Neon Dynasty,no,16
Ironhoof Boar,Kamigawa: Neon Dynasty,yes,6
Island (285),Kamigawa: Neon Dynasty Variants,no,0
Island (285),Kamigawa: Neon Dynasty Variants,yes,0
Island (286),Kamigawa: Neon Dynasty Variants,no,18
Island (286),Kamigawa: Neon Dynasty Variants,yes,0
Island (295) - JP Full Art,Kamigawa: Neon Dynasty Variants,no,0
Island (295) - JP Full Art,Kamigawa: Neon Dynasty Variants,yes,0
Island (296) - JP Full Art,Kamigawa: Neon Dynasty Variants,no,0
Island (296) - JP Full Art,Kamigawa: Neon Dynasty Variants,yes,0
"Isshin, Two Heavens as One",Kamigawa: Neon Dynasty,no,0
"Isshin, Two Heavens as One (Extended Art)",Kamigawa: Neon Dynasty Variants,yes,0
"Jin-Gitaxias, Progress Tyrant",Kamigawa: Neon Dynasty,no,0
"Jin-Gitaxias, Progress Tyrant",Kamigawa: Neon Dynasty,yes,0
"Jin-Gitaxias, Progress Tyrant (Showcase)",Kamigawa: Neon Dynasty Variants,yes,0
Jugan Defends the Temple,Kamigawa: Neon Dynasty,no,0
Jukai Naturalist,Kamigawa: Neon Dynasty,no,0
Jukai Naturalist,Kamigawa: Neon Dynasty,yes,0
Jukai Preserver,Kamigawa: Neon Dynasty,no,15
Jukai Preserver,Kamigawa: Neon Dynasty,yes,1
Jukai Trainee,Kamigawa: Neon Dynasty,no,16
Jukai Trainee,Kamigawa: Neon Dynasty,yes,1
Jukai Trainee (Showcase),Kamigawa: Neon Dynasty Variants,no,20
Jukai Trainee (Showcase),Kamigawa: Neon Dynasty Variants,yes,5
Jungle Hollow,Kamigawa: Neon Dynasty,no,9
Jungle Hollow,Kamigawa: Neon Dynasty,yes,1
"Junji, the Midnight Sky",Kamigawa: Neon Dynasty,no,0
"Kairi, the Swirling Sky (Extended Art)",Kamigawa: Neon Dynasty Variants,yes,0
Kaito Shizuki,Kamigawa: Neon Dynasty,no,0
Kaito Shizuki,Kamigawa: Neon Dynasty,yes,0
Kaito Shizuki (Showcase),Kamigawa: Neon Dynasty Variants,yes,0
Kaito's Pursuit,Kamigawa: Neon Dynasty,no,21
Kaito's Pursuit,Kamigawa: Neon Dynasty,yes,3
Kami of Industry,Kamigawa: Neon Dynasty,no,18
Kami of Restless Shadows,Kamigawa: Neon Dynasty,no,28
Kami of Restless Shadows,Kamigawa: Neon Dynasty,yes,1
Kami of Terrible Secrets,Kamigawa: Neon Dynasty,no,20
Kami of Transience,Kamigawa: Neon Dynasty,no,1
Kami of Transience,Kamigawa: Neon Dynasty,yes,1
Kami's Flare,Kamigawa: Neon Dynasty,no,11
Kami's Flare,Kamigawa: Neon Dynasty,yes,2
Kappa Tech-Wrecker,Kamigawa: Neon Dynasty,no,14
Kappa Tech-Wrecker,Kamigawa: Neon Dynasty,yes,0
Kappa Tech-Wrecker (Showcase),Kamigawa: Neon Dynasty Variants,no,11
Kappa Tech-Wrecker (Showcase),Kamigawa: Neon Dynasty Variants,yes,0
Keimi Token,Kamigawa: Neon Dynasty,no,0
Kindled Fury,Kamigawa: Neon Dynasty,no,15
Kindled Fury,Kamigawa: Neon Dynasty,yes,3
Kitsune Ace,Kamigawa: Neon Dynasty,no,14
Kitsune Ace,Kamigawa: Neon Dynasty,yes,5
Kodama of the West Tree,Kamigawa: Neon Dynasty,no,0
Kodama of the West Tree (Showcase),Kamigawa: Neon Dynasty Variants,no,0
Kodama of the West Tree (Showcase),Kamigawa: Neon Dynasty Variants,yes,0
"Kotose, the Silent Spider",Kamigawa: Neon Dynasty,no,1
"Kotose, the Silent Spider (Showcase)",Kamigawa: Neon Dynasty Variants,no,0
Kumano Faces Kakkazan,Kamigawa: Neon Dynasty,no,14
Kumano Faces Kakkazan,Kamigawa: Neon Dynasty,yes,0
"Kura, the Boundless Sky",Kamigawa: Neon Dynasty,no,0
"Kura, the Boundless Sky",Kamigawa: Neon Dynasty,yes,0
"Kura, the Boundless Sky (Extended Art)",Kamigawa: Neon Dynasty Variants,no,0
"Kyodai, Soul of Kamigawa",Kamigawa: Neon Dynasty,no,4
"Kyodai, Soul of Kamigawa (Borderless)",Kamigawa: Neon Dynasty Variants,no,0
"Kyodai, Soul of Kamigawa (Extended Art)",Kamigawa: Neon Dynasty Variants,no,0
Leech Gauntlet,Kamigawa: Neon Dynasty,no,11
Leech Gauntlet,Kamigawa: Neon Dynasty,yes,3
Lethal Exploit,Kamigawa: Neon Dynasty,no,20
Lethal Exploit,Kamigawa: Neon Dynasty,yes,1
Life of Toshiro Umezawa,Kamigawa: Neon Dynasty,no,16
Life of Toshiro Umezawa,Kamigawa: Neon Dynasty,yes,1
"Light-Paws, Emperor's Voice",Kamigawa: Neon Dynasty,no,0
"Light-Paws, Emperor's Voice (Showcase)",Kamigawa: Neon Dynasty Variants,no,0
Light the Way,Kamigawa: Neon Dynasty,no,15
Lion Sash,Kamigawa: Neon Dynasty,no,0
Lion Sash (Showcase),Kamigawa: Neon Dynasty Variants,yes,0
Lizard Blades,Kamigawa: Neon Dynasty,no,0
Lizard Blades,Kamigawa: Neon Dynasty,yes,0
Lizard Blades (Extended Art),Kamigawa: Neon Dynasty Variants,no,0
Lizard Blades (Showcase),Kamigawa: Neon Dynasty Variants,no,0
Lucky Offering,Kamigawa: Neon Dynasty,no,10
Lucky Offering,Kamigawa: Neon Dynasty,yes,0
Malicious Malfunction,Kamigawa: Neon Dynasty,no,13
Malicious Malfunction,Kamigawa: Neon Dynasty,yes,1
March of Burgeoning Life,Kamigawa: Neon Dynasty,no,1
March of Burgeoning Life,Kamigawa: Neon Dynasty,yes,0
March of Otherworldly Light,Kamigawa: Neon Dynasty,no,0
March of Otherworldly Light (Extended Art),Kamigawa: Neon Dynasty Variants,yes,0
March of Otherworldly Light (Showcase),Kamigawa: Neon Dynasty Variants,no,0
March of Reckless Joy,Kamigawa: Neon Dynasty,no,1
March of Reckless Joy,Kamigawa: Neon Dynasty,yes,0
March of Reckless Joy (Showcase),Kamigawa: Neon Dynasty Variants,no,0
March of Swirling Mist,Kamigawa: Neon Dynasty,no,0
March of Swirling Mist (Extended Art),Kamigawa: Neon Dynasty Variants,no,0
March of Swirling Mist (Showcase),Kamigawa: Neon Dynasty Variants,no,0
March of Swirling Mist (Showcase),Kamigawa: Neon Dynasty Variants,yes,0
March of Wretched Sorrow,Kamigawa: Neon Dynasty,no,0
March of Wretched Sorrow,Kamigawa: Neon Dynasty,yes,0
March of Wretched Sorrow (Showcase),Kamigawa: Neon Dynasty Variants,no,0
Master's Rebuke,Kamigawa: Neon Dynasty,no,13
Master's Rebuke,Kamigawa: Neon Dynasty,yes,0
Mech Hangar,Kamigawa: Neon Dynasty,no,0
Mech Hangar,Kamigawa: Neon Dynasty,yes,0
Mechtitan Core,Kamigawa: Neon Dynasty,no,0
Mechtitan Core,Kamigawa: Neon Dynasty,yes,0
Mechtitan Core (Showcase),Kamigawa: Neon Dynasty Variants,yes,0
Mechtitan Token,Kamigawa: Neon Dynasty,no,0
Michiko's Reign of Truth,Kamigawa: Neon Dynasty,no,16
Michiko's Reign of Truth,Kamigawa: Neon Dynasty,yes,1
Mindlink Mech,Kamigawa: Neon Dynasty,no,2
Mindlink Mech (Showcase),Kamigawa: Neon Dynasty Variants,yes,0
Mirror Box,Kamigawa: Neon Dynasty,no,0
Mirror Box,Kamigawa: Neon Dynasty,yes,0
Mirror Box (Extended Art),Kamigawa: Neon Dynasty Variants,no,1
Mirror Box (Extended Art),Kamigawa: Neon Dynasty Variants,yes,0
Mirror Box (Showcase),Kamigawa: Neon Dynasty Variants,no,0
Mirrorshell Crab,Kamigawa: Neon Dynasty,no,15
Mirrorshell Crab,Kamigawa: Neon Dynasty,yes,0
Mnemonic Sphere,Kamigawa: Neon Dynasty,no,16
Mnemonic Sphere,Kamigawa: Neon Dynasty,yes,2
Mobilizer Mech,Kamigawa: Neon Dynasty,no,5
Mobilizer Mech,Kamigawa: Neon Dynasty,yes,0
Moon-Circuit Hacker,Kamigawa: Neon Dynasty,no,6
Moon-Circuit Hacker,Kamigawa: Neon Dynasty,yes,4
Moon-Circuit Hacker (Showcase),Kamigawa: Neon Dynasty Variants,no,19
Moon-Circuit Hacker (Showcase),Kamigawa: Neon Dynasty Variants,yes,0
Moonfolk Puzzlemaker,Kamigawa: Neon Dynasty,no,19
Moonfolk Puzzlemaker,Kamigawa: Neon Dynasty,yes,1
Moonsnare Prototype,Kamigawa: Neon Dynasty,no,6
Moonsnare Prototype,Kamigawa: Neon Dynasty,yes,1
Moonsnare Specialist,Kamigawa: Neon Dynasty,no,10
Moonsnare Specialist,Kamigawa: Neon Dynasty,yes,1
Moonsnare Specialist (Showcase),Kamigawa: Neon Dynasty Variants,no,13
Moonsnare Specialist (Showcase),Kamigawa: Neon Dynasty Variants,yes,1
Mothrider Patrol,Kamigawa: Neon Dynasty,no,15
Mountain (289),Kamigawa: Neon Dynasty Variants,no,28
Mountain (289),Kamigawa: Neon Dynasty Variants,yes,0
Mountain (290),Kamigawa: Neon Dynasty Variants,no,25
Mountain (290),Kamigawa: Neon Dynasty Variants,yes,0
Mountain (299) - JP Full Art,Kamigawa: Neon Dynasty Variants,no,0
Mountain (299) - JP Full Art,Kamigawa: Neon Dynasty Variants,yes,0
Mountain (300) - JP Full Art,Kamigawa: Neon Dynasty Variants,no,0
Mountain (300) - JP Full Art,Kamigawa: Neon Dynasty Variants,yes,0
Mukotai Ambusher,Kamigawa: Neon Dynasty,no,9
Mukotai Ambusher,Kamigawa: Neon Dynasty,yes,0
Mukotai Ambusher (Showcase),Kamigawa: Neon Dynasty Variants,no,9
Mukotai Ambusher (Showcase),Kamigawa: Neon Dynasty Variants,yes,2
Mukotai Soulripper,Kamigawa: Neon Dynasty,no,4
Mukotai Soulripper (Showcase),Kamigawa: Neon Dynasty Variants,no,0
"Naomi, Pillar of Order",Kamigawa: Neon Dynasty,no,7
"Naomi, Pillar of Order",Kamigawa: Neon Dynasty,yes,1
"Nashi, Moon Sage's Scion",Kamigawa: Neon Dynasty,no,0
"Nashi, Moon Sage's Scion",Kamigawa: Neon Dynasty,yes,0
"Nashi, Moon Sage's Scion (Extended Art)",Kamigawa: Neon Dynasty Variants,no,0
Network Disruptor,Kamigawa: Neon Dynasty,no,7
Network Disruptor,Kamigawa: Neon Dynasty,yes,4
Network Terminal,Kamigawa: Neon Dynasty,no,4
Network Terminal,Kamigawa: Neon Dynasty,yes,0
Nezumi Bladeblesser,Kamigawa: Neon Dynasty,no,0
Nezumi Bladeblesser (Showcase),Kamigawa: Neon Dynasty Variants,no,20
Nezumi Bladeblesser (Showcase),Kamigawa: Neon Dynasty Variants,yes,1
Nezumi Prowler,Kamigawa: Neon Dynasty,no,0
Nezumi Prowler,Kamigawa: Neon Dynasty,yes,2
Nezumi Prowler (Showcase),Kamigawa: Neon Dynasty Variants,no,0
Nezumi Prowler (Showcase),Kamigawa: Neon Dynasty Variants,yes,0
Ninja Token,Kamigawa: Neon Dynasty,no,0
Ninja's Kunai,Kamigawa: Neon Dynasty,no,20
Ninja's Kunai,Kamigawa: Neon Dynasty,yes,0
"Norika Yamazaki, the Poet",Kamigawa: Neon Dynasty,no,1
"Norika Yamazaki, the Poet",Kamigawa: Neon Dynasty,yes,1
"Norika Yamazaki, the Poet (Showcase)",Kamigawa: Neon Dynasty Variants,no,10
Ogre-Head Helm,Kamigawa: Neon Dynasty,no,3
Ogre-Head Helm (Showcase),Kamigawa: Neon Dynasty Variants,yes,0
Okiba Reckoner Raid,Kamigawa: Neon Dynasty,no,20
Okiba Reckoner Raid,Kamigawa: Neon Dynasty,yes,1
Okiba Salvage,Kamigawa: Neon Dynasty,no,10
Okiba Salvage,Kamigawa: Neon Dynasty,yes,2
Oni-Cult Anvil,Kamigawa: Neon Dynasty,no,5
Oni-Cult Anvil,Kamigawa: Neon Dynasty,yes,0
Orochi Merge-Keeper,Kamigawa: Neon Dynasty,no,7
Orochi Merge-Keeper,Kamigawa: Neon Dynasty,yes,0
"Otawara, Soaring City",Kamigawa: Neon Dynasty,no,0
"Otawara, Soaring City (Borderless)",Kamigawa: Neon Dynasty Variants,no,0
"Otawara, Soaring City (Borderless)",Kamigawa: Neon Dynasty Variants,yes,0
"Otawara, Soaring City (Extended Art)",Kamigawa: Neon Dynasty Variants,no,0
Papercraft Decoy,Kamigawa: Neon Dynasty,no,24
Patchwork Automaton,Kamigawa: Neon Dynasty,no,7
Peerless Samurai,Kamigawa: Neon Dynasty,no,11
Peerless Samurai (Showcase),Kamigawa: Neon Dynasty Variants,no,11
Peerless Samurai (Showcase),Kamigawa: Neon Dynasty Variants,yes,1
Pilot Token,Kamigawa: Neon Dynasty,no,1
Plains (283),Kamigawa: Neon Dynasty Variants,no,19
Plains (283),Kamigawa: Neon Dynasty Variants,yes,0
Plains (284),Kamigawa: Neon Dynasty Variants,no,19
Plains (284),Kamigawa: Neon Dynasty Variants,yes,0
Plains (293) - JP Full Art,Kamigawa: Neon Dynasty Variants,no,0
Plains (293) - JP Full Art,Kamigawa: Neon Dynasty Variants,yes,0
Plains (294) - JP Full Art,Kamigawa: Neon Dynasty Variants,no,0
Plains (294) - JP Full Art,Kamigawa: Neon Dynasty Variants,yes,0
Planar Incision,Kamigawa: Neon Dynasty,no,10
Planar Incision,Kamigawa: Neon Dynasty,yes,0
Prodigy's Prototype,Kamigawa: Neon Dynasty,no,8
Prodigy's Prototype,Kamigawa: Neon Dynasty,yes,0
Prosperous Thief,Kamigawa: Neon Dynasty,no,5
Prosperous Thief,Kamigawa: Neon Dynasty,yes,0
Prosperous Thief (Showcase),Kamigawa: Neon Dynasty Variants,no,0
Prosperous Thief (Showcase),Kamigawa: Neon Dynasty Variants,yes,0
Rabbit Battery,Kamigawa: Neon Dynasty,no,12
Rabbit Battery,Kamigawa: Neon Dynasty,yes,0
"Raiyuu, Storm's Edge",Kamigawa: Neon Dynasty,no,2
"Raiyuu, Storm's Edge",Kamigawa: Neon Dynasty,yes,0
"Raiyuu, Storm's Edge (Extended Art)",Kamigawa: Neon Dynasty Variants,no,0
Rat Rogue Token,Kamigawa: Neon Dynasty,no,1
Reality Heist,Kamigawa: Neon Dynasty,no,7
Reality Heist,Kamigawa: Neon Dynasty,yes,0
Reckoner Bankbuster,Kamigawa: Neon Dynasty,no,0
Reckoner Bankbuster,Kamigawa: Neon Dynasty,yes,0
Reckoner Bankbuster (Showcase),Kamigawa: Neon Dynasty Variants,no,0
Reckoner Shakedown,Kamigawa: Neon Dynasty,no,20
Reckoner Shakedown,Kamigawa: Neon Dynasty,yes,1
Reckoner's Bargain,Kamigawa: Neon Dynasty,no,0
Reckoner's Bargain,Kamigawa: Neon Dynasty,yes,0
Regent's Authority,Kamigawa: Neon Dynasty,no,14
Regent's Authority,Kamigawa: Neon Dynasty,yes,0
Reinforced Ronin,Kamigawa: Neon Dynasty,no,5
Reinforced Ronin,Kamigawa: Neon Dynasty,yes,0
Reinforced Ronin (Showcase),Kamigawa: Neon Dynasty Variants,no,9
Reinforced Ronin (Showcase),Kamigawa: Neon Dynasty Variants,yes,0
Reito Sentinel,Kamigawa: Neon Dynasty,no,9
Repel the Vile,Kamigawa: Neon Dynasty,no,15
Repel the Vile,Kamigawa: Neon Dynasty,yes,3
Replication Specialist,Kamigawa: Neon Dynasty,no,7
Return to Action,Kamigawa: Neon Dynasty,no,14
"Risona, Asari Commander",Kamigawa: Neon Dynasty,no,5
"Risona, Asari Commander (Showcase)",Kamigawa: Neon Dynasty Variants,no,0
"Risona, Asari Commander (Showcase)",Kamigawa: Neon Dynasty Variants,yes,0
Roadside Reliquary,Kamigawa: Neon Dynasty,no,8
Roadside Reliquary,Kamigawa: Neon Dynasty,yes,0
Roaring Earth,Kamigawa: Neon Dynasty,no,0
Roaring Earth,Kamigawa: Neon Dynasty,yes,0
Rugged Highlands,Kamigawa: Neon Dynasty,no,118
Rugged Highlands,Kamigawa: Neon Dynasty,yes,1
Runaway Trash-Bot,Kamigawa: Neon Dynasty,no,10
Runaway Trash-Bot,Kamigawa: Neon Dynasty,yes,2
Saiba Trespassers,Kamigawa: Neon Dynasty,no,19
Saiba Trespassers,Kamigawa: Neon Dynasty,yes,1
Samurai (003) // Construct (006) Double-sided Token,Kamigawa: Neon Dynasty Variants,yes,1
Samurai (003) // Emblem - Kaito Shizuki Double-sided Token,Kamigawa: Neon Dynasty Variants,yes,0
Samurai (003) // Spirit (009) Double-sided Token,Kamigawa: Neon Dynasty Variants,yes,0
Samurai (003) // Treasure (017) Double-sided Token,Kamigawa: Neon Dynasty Variants,yes,1
Samurai Token,Kamigawa: Neon Dynasty,no,9
Satoru Umezawa,Kamigawa: Neon Dynasty,no,0
Satoru Umezawa (Showcase),Kamigawa: Neon Dynasty Variants,no,0
"Satsuki, the Living Lore",Kamigawa: Neon Dynasty,no,0
Scoured Barrens,Kamigawa: Neon Dynasty,no,8
Scoured Barrens,Kamigawa: Neon Dynasty,yes,2
Scrap Welder,Kamigawa: Neon Dynasty,no,1
Scrap Welder (Showcase),Kamigawa: Neon Dynasty Variants,no,0
Scrapyard Steelbreaker,Kamigawa: Neon Dynasty,no,13
Scrapyard Steelbreaker,Kamigawa: Neon Dynasty,yes,1
Searchlight Companion,Kamigawa: Neon Dynasty,no,23
Searchlight Companion,Kamigawa: Neon Dynasty,yes,0
Season of Renewal,Kamigawa: Neon Dynasty,no,10
Secluded Courtyard,Kamigawa: Neon Dynasty,no,0
Secluded Courtyard,Kamigawa: Neon Dynasty,yes,0
Seismic Wave,Kamigawa: Neon Dynasty,no,6
Seismic Wave,Kamigawa: Neon Dynasty,yes,1
Selfless Samurai,Kamigawa: Neon Dynasty,no,4
Selfless Samurai,Kamigawa: Neon Dynasty,yes,1
Selfless Samurai (Showcase),Kamigawa: Neon Dynasty Variants,no,3
Selfless Samurai (Showcase),Kamigawa: Neon Dynasty Variants,yes,1
Seven-Tail Mentor,Kamigawa: Neon Dynasty,no,95
Seven-Tail Mentor,Kamigawa: Neon Dynasty,yes,2
Seven-Tail Mentor (Showcase),Kamigawa: Neon Dynasty Variants,no,19
Seven-Tail Mentor (Showcase),Kamigawa: Neon Dynasty Variants,yes,1
"Shigeki, Jukai Visionary",Kamigawa: Neon Dynasty,no,0
"Shigeki, Jukai Visionary",Kamigawa: Neon Dynasty,yes,0
"Shigeki, Jukai Visionary (Showcase)",Kamigawa: Neon Dynasty Variants,no,0
Short Circuit,Kamigawa: Neon Dynasty,no,19
Short Circuit,Kamigawa: Neon Dynasty,yes,2
Shrine Steward,Kamigawa: Neon Dynasty,no,5
Silver-Fur Master,Kamigawa: Neon Dynasty,no,0
Silver-Fur Master (Showcase),Kamigawa: Neon Dynasty Variants,no,0
Simian Sling,Kamigawa: Neon Dynasty,no,12
Simian Sling,Kamigawa: Neon Dynasty,yes,4
Sky-Blessed Samurai,Kamigawa: Neon Dynasty,no,2
Sky-Blessed Samurai,Kamigawa: Neon Dynasty,yes,1
Sky-Blessed Samurai (Showcase),Kamigawa: Neon Dynasty Variants,no,4
Skyswimmer Koi,Kamigawa: Neon Dynasty,no,14
Skyswimmer Koi,Kamigawa: Neon Dynasty,yes,1
"Sokenzan, Crucible of Defiance",Kamigawa: Neon Dynasty,no,0
"Sokenzan, Crucible of Defiance",Kamigawa: Neon Dynasty,yes,0
"Sokenzan, Crucible of Defiance (Borderless)",Kamigawa: Neon Dynasty Variants,no,0
Sokenzan Smelter,Kamigawa: Neon Dynasty,no,7
Sokenzan Smelter,Kamigawa: Neon Dynasty,yes,1
Soul Transfer,Kamigawa: Neon Dynasty,no,1
Soul Transfer,Kamigawa: Neon Dynasty,yes,0
Soul Transfer (Showcase),Kamigawa: Neon Dynasty Variants,no,0
Spell Pierce,Kamigawa: Neon Dynasty,no,8
Spell Pierce,Kamigawa: Neon Dynasty,yes,0
Spinning Wheel Kick,Kamigawa: Neon Dynasty,no,5
Spirit (002) // Construct (006) Double-sided Token,Kamigawa: Neon Dynasty Variants,yes,0
Spirit (002) // Dragon Spirit (007) Double-sided Token,Kamigawa: Neon Dynasty Variants,yes,0
Spirit (002) // Emblem - Kaito Shizuki Double-sided Token,Kamigawa: Neon Dynasty Variants,yes,0
Spirit (002) // Treasure (017) Double Sided Token,Kamigawa: Neon Dynasty Variants,yes,1
Spirit Token (002),Kamigawa: Neon Dynasty Variants,no,5
Spirit Token (009),Kamigawa: Neon Dynasty Variants,no,0
Spirit Token (011),Kamigawa: Neon Dynasty Variants,no,2
Spirited Companion,Kamigawa: Neon Dynasty,no,0
Spirited Companion,Kamigawa: Neon Dynasty,yes,0
Spring-Leaf Avenger,Kamigawa: Neon Dynasty,no,2
Spring-Leaf Avenger (Showcase),Kamigawa: Neon Dynasty Variants,no,0
Storyweave,Kamigawa: Neon Dynasty,no,9
Suit Up,Kamigawa: Neon Dynasty,no,15
Suit Up,Kamigawa: Neon Dynasty,yes,3
Sunblade Samurai,Kamigawa: Neon Dynasty,no,10
Sunblade Samurai,Kamigawa: Neon Dynasty,yes,2
Sunblade Samurai (Showcase),Kamigawa: Neon Dynasty Variants,no,6
Sunblade Samurai (Showcase),Kamigawa: Neon Dynasty Variants,yes,0
Surgehacker Mech,Kamigawa: Neon Dynasty,no,1
Surgehacker Mech,Kamigawa: Neon Dynasty,yes,0
Surgehacker Mech (Showcase),Kamigawa: Neon Dynasty Variants,no,0
Swamp (287),Kamigawa: Neon Dynasty Variants,no,0
Swamp (287),Kamigawa: Neon Dynasty Variants,yes,0
Swamp (288),Kamigawa: Neon Dynasty Variants,no,0
Swamp (288),Kamigawa: Neon Dynasty Variants,yes,0
Swamp (297) - JP Full Art,Kamigawa: Neon Dynasty Variants,no,0
Swamp (298) - JP Full Art,Kamigawa: Neon Dynasty Variants,no,0
Swamp (298) - JP Full Art,Kamigawa: Neon Dynasty Variants,yes,0
Swiftwater Cliffs,Kamigawa: Neon Dynasty,no,4
Swiftwater Cliffs,Kamigawa: Neon Dynasty,yes,2
"Takenuma, Abandoned Mire",Kamigawa: Neon Dynasty,no,0
"Takenuma, Abandoned Mire",Kamigawa: Neon Dynasty,yes,0
"Takenuma, Abandoned Mire (Borderless)",Kamigawa: Neon Dynasty Variants,yes,0
Tales of Master Seshiro,Kamigawa: Neon Dynasty,no,17
Tales of Master Seshiro,Kamigawa: Neon Dynasty,yes,3
"Tameshi, Reality Architect",Kamigawa: Neon Dynasty,no,0
"Tameshi, Reality Architect (Showcase)",Kamigawa: Neon Dynasty Variants,no,0
"Tamiyo, Compleated Sage",Kamigawa: Neon Dynasty,no,0
"Tamiyo, Compleated Sage",Kamigawa: Neon Dynasty,yes,0
"Tamiyo, Compleated Sage (Phyrexian)",Kamigawa: Neon Dynasty Variants,no,0
Tamiyo's Compleation,Kamigawa: Neon Dynasty,no,15
Tamiyo's Compleation,Kamigawa: Neon Dynasty,yes,1
Tamiyo's Notebook Token,Kamigawa: Neon Dynasty,no,0
Tamiyo's Safekeeping,Kamigawa: Neon Dynasty,no,0
Tamiyo's Safekeeping,Kamigawa: Neon Dynasty,yes,0
"Tatsunari, Toad Rider",Kamigawa: Neon Dynasty,no,2
"Tatsunari, Toad Rider (Showcase)",Kamigawa: Neon Dynasty Variants,no,0
Teachings of the Kirin,Kamigawa: Neon Dynasty,no,2
Teachings of the Kirin (Showcase),Kamigawa: Neon Dynasty Variants,no,0
Teachings of the Kirin (Showcase),Kamigawa: Neon Dynasty Variants,yes,0
Tempered in Solitude,Kamigawa: Neon Dynasty,no,9
Tempered in Solitude,Kamigawa: Neon Dynasty,yes,0
"Tezzeret, Betrayer of Flesh",Kamigawa: Neon Dynasty,no,0
"Tezzeret, Betrayer of Flesh (Borderless)",Kamigawa: Neon Dynasty Variants,no,0
"Tezzeret, Betrayer of Flesh (Showcase)",Kamigawa: Neon Dynasty Variants,no,0
The Dragon-Kami Reborn,Kamigawa: Neon Dynasty,no,2
The Dragon-Kami Reborn,Kamigawa: Neon Dynasty,yes,0
The Dragon-Kami Reborn (Extended Art),Kamigawa: Neon Dynasty Variants,no,0
The Fall of Lord Konda,Kamigawa: Neon Dynasty,no,12
The Fall of Lord Konda,Kamigawa: Neon Dynasty,yes,1
The Kami War,Kamigawa: Neon Dynasty,no,0
The Kami War (Showcase),Kamigawa: Neon Dynasty Variants,no,0
The Long Reach of Night,Kamigawa: Neon Dynasty,no,18
The Long Reach of Night,Kamigawa: Neon Dynasty,yes,3
The Modern Age,Kamigawa: Neon Dynasty,no,20
The Modern Age,Kamigawa: Neon Dynasty,yes,4
The Reality Chip,Kamigawa: Neon Dynasty,no,0
The Reality Chip (Showcase),Kamigawa: Neon Dynasty Variants,yes,0
The Restoration of Eiganjo,Kamigawa: Neon Dynasty,no,0
The Restoration of Eiganjo (Showcase),Kamigawa: Neon Dynasty Variants,yes,0
The Shattered States Era,Kamigawa: Neon Dynasty,no,18
The Shattered States Era,Kamigawa: Neon Dynasty,yes,3
The Wandering Emperor,Kamigawa: Neon Dynasty,no,0
The Wandering Emperor (Borderless),Kamigawa: Neon Dynasty Variants,yes,0
The Wandering Emperor (Showcase),Kamigawa: Neon Dynasty Variants,no,0
Thirst for Knowledge,Kamigawa: Neon Dynasty,no,9
Thirst for Knowledge,Kamigawa: Neon Dynasty,yes,1
Thornwood Falls,Kamigawa: Neon Dynasty,no,3
Thornwood Falls,Kamigawa: Neon Dynasty,yes,2
Thousand-Faced Shadow,Kamigawa: Neon Dynasty,no,0
Thousand-Faced Shadow,Kamigawa: Neon Dynasty,yes,0
Thousand-Faced Shadow (Extended Art),Kamigawa: Neon Dynasty Variants,no,0
Thousand-Faced Shadow (Extended Art),Kamigawa: Neon Dynasty Variants,yes,0
Thousand-Faced Shadow (Showcase),Kamigawa: Neon Dynasty Variants,no,0
Thundering Raiju,Kamigawa: Neon Dynasty,no,0
Thundering Raiju,Kamigawa: Neon Dynasty,yes,0
Thundering Raiju (Showcase),Kamigawa: Neon Dynasty Variants,yes,0
Thundersteel Colossus,Kamigawa: Neon Dynasty,no,13
Thundersteel Colossus,Kamigawa: Neon Dynasty,yes,1
Touch the Spirit Realm,Kamigawa: Neon Dynasty,no,0
Touch the Spirit Realm,Kamigawa: Neon Dynasty,yes,0
Towashi Guide-Bot,Kamigawa: Neon Dynasty,no,10
Towashi Songshaper,Kamigawa: Neon Dynasty,no,16
Towashi Songshaper,Kamigawa: Neon Dynasty,yes,5
Tranquil Cove,Kamigawa: Neon Dynasty,no,119
Tranquil Cove,Kamigawa: Neon Dynasty,yes,1
Treasure Token,Kamigawa: Neon Dynasty,no,7
Tribute to Horobi,Kamigawa: Neon Dynasty,no,0
Tribute to Horobi,Kamigawa: Neon Dynasty,yes,0
Tribute to Horobi (Showcase),Kamigawa: Neon Dynasty Variants,no,0
Twinshot Sniper,Kamigawa: Neon Dynasty,no,20
Twinshot Sniper,Kamigawa: Neon Dynasty,yes,0
Twisted Embrace,Kamigawa: Neon Dynasty,no,10
Uncharted Haven,Kamigawa: Neon Dynasty,no,10
Uncharted Haven,Kamigawa: Neon Dynasty,yes,2
Undercity Scrounger,Kamigawa: Neon Dynasty,no,9
Undercity Scrounger,Kamigawa: Neon Dynasty,yes,1
Unforgiving One,Kamigawa: Neon Dynasty,no,9
Unstoppable Ogre,Kamigawa: Neon Dynasty,no,14
Unstoppable Ogre,Kamigawa: Neon Dynasty,yes,0
Upriser Renegade,Kamigawa: Neon Dynasty,no,11
Upriser Renegade,Kamigawa: Neon Dynasty,yes,1
Upriser Renegade (Showcase),Kamigawa: Neon Dynasty Variants,no,5
Virus Beetle,Kamigawa: Neon Dynasty,no,9
Virus Beetle,Kamigawa: Neon Dynasty,yes,0
Voltage Surge,Kamigawa: Neon Dynasty,no,12
Voltage Surge,Kamigawa: Neon Dynasty,yes,1
Walking Skyscraper,Kamigawa: Neon Dynasty,no,8
Wanderer's Intervention,Kamigawa: Neon Dynasty,no,20
Wanderer's Intervention,Kamigawa: Neon Dynasty,yes,2
Weaver of Harmony,Kamigawa: Neon Dynasty,no,0
Weaver of Harmony,Kamigawa: Neon Dynasty,yes,0
Weaver of Harmony (Showcase),Kamigawa: Neon Dynasty Variants,no,0
Webspinner Cuff,Kamigawa: Neon Dynasty,no,11
Webspinner Cuff,Kamigawa: Neon Dynasty,yes,1
When We Were Young,Kamigawa: Neon Dynasty,no,11
When We Were Young,Kamigawa: Neon Dynasty,yes,1
Wind-Scarred Crag,Kamigawa: Neon Dynasty,no,8
Wind-Scarred Crag,Kamigawa: Neon Dynasty,yes,2
You Are Already Dead,Kamigawa: Neon Dynasty,no,12
You Are Already Dead,Kamigawa: Neon Dynasty,yes,4
